protocol,experiment,slice_type,slice_value,n_queries,n_true_classes,macro_f1,macro_precision,macro_recall,weighted_f1,accuracy
row_stratified,T1-B0,language,EN,162,11,0.9769329911476411,0.9875072073803576,0.968450741178014,0.9750272139237027,0.9753086419753086
row_stratified,T1-B0,language,ID,88,7,0.9878729080766433,0.9910714285714286,0.9857142857142858,0.9885206050316406,0.9886363636363636
row_stratified,T1-B0,language,MIXED,112,9,0.9958510754449175,0.9969135802469135,0.994949494949495,0.9910304852370034,0.9910714285714286
row_stratified,T1-B0,signal_agreement,prototype_cluster_against_rule,84,5,0.9813483663138518,0.9825925925925926,0.9804761904761905,0.9761576052418206,0.9761904761904762
row_stratified,T1-B0,signal_agreement,two_signal_including_rule,127,7,0.8285056446821153,0.8333333333333333,0.8348429951690821,0.9812127762104602,0.9763779527559056
row_stratified,T1-B0,signal_agreement,unanimous,151,6,0.9936371589914897,0.9901960784313726,0.9973958333333334,0.9934517517038244,0.9933774834437086
row_stratified,T1-B0,query_length,4-7 tokens,218,11,0.98530148164954,0.9888747616020344,0.9834916327453641,0.990745018179018,0.9908256880733946
row_stratified,T1-B0,query_length,8+ tokens,144,9,0.9803013707107274,0.9858858858858858,0.9761145287461077,0.9723376342089792,0.9722222222222222
template_grouped,T1-B0,language,EN,154,10,0.4973508387794102,0.5641505636070854,0.49186868686868684,0.5453235382734456,0.577922077922078
template_grouped,T1-B0,language,ID,88,7,0.43211089564030747,0.45683728036669213,0.46688675470188074,0.4808197358197359,0.5
template_grouped,T1-B0,language,MIXED,112,9,0.4777714272650374,0.5666431004074682,0.4694670797611974,0.5229451146957034,0.5446428571428571
template_grouped,T1-B0,signal_agreement,prototype_cluster_against_rule,84,5,0.3191344139731237,0.4547619047619048,0.3069073783359498,0.42601001149388246,0.4166666666666667
template_grouped,T1-B0,signal_agreement,two_signal_including_rule,127,7,0.3349676720513721,0.3540942028985507,0.3946942404825418,0.5071424098770853,0.5039370078740157
template_grouped,T1-B0,signal_agreement,unanimous,143,5,0.4653838225266797,0.5135323094755143,0.4635278748612707,0.6652271582341514,0.6643356643356644
template_grouped,T1-B0,query_length,4-7 tokens,210,10,0.4955323495349071,0.5199141417514489,0.5093868022524739,0.5776361824151375,0.6
template_grouped,T1-B0,query_length,8+ tokens,144,9,0.4389089305755972,0.5710633717551956,0.41540282011558244,0.4561500420875421,0.4722222222222222
row_stratified,T1-P0,language,EN,162,11,0.7959461848780733,0.7963728191000918,0.8352617079889808,0.8478837553914953,0.8518518518518519
row_stratified,T1-P0,language,ID,88,7,0.45888339638339637,0.4743421052631579,0.5327380952380952,0.651766805175896,0.6818181818181818
row_stratified,T1-P0,language,MIXED,112,9,0.38075884154831524,0.4093097326649958,0.5002597402597403,0.47623796594661255,0.5089285714285714
row_stratified,T1-P0,signal_agreement,prototype_cluster_against_rule,84,5,0.0,0.0,0.0,0.0,0.0
row_stratified,T1-P0,signal_agreement,two_signal_including_rule,127,7,0.7044909020518777,0.670436507936508,0.75,0.7944592291817181,0.8188976377952756
row_stratified,T1-P0,signal_agreement,unanimous,151,6,1.0,1.0,1.0,1.0,1.0
row_stratified,T1-P0,query_length,4-7 tokens,218,11,0.7450602989584131,0.7438940052576416,0.8101500489560192,0.7989718765700814,0.8027522935779816
row_stratified,T1-P0,query_length,8+ tokens,144,9,0.5085803252895759,0.5986790986790987,0.592649553175869,0.5360841920590906,0.5555555555555556
template_grouped,T1-P0,language,EN,154,10,0.7755408033658806,0.7760101010101009,0.8187878787878787,0.8399816128144302,0.8441558441558441
template_grouped,T1-P0,language,ID,88,7,0.45888339638339637,0.4743421052631579,0.5327380952380952,0.651766805175896,0.6818181818181818
template_grouped,T1-P0,language,MIXED,112,9,0.38075884154831524,0.4093097326649958,0.5002597402597403,0.47623796594661255,0.5089285714285714
template_grouped,T1-P0,signal_agreement,prototype_cluster_against_rule,84,5,0.0,0.0,0.0,0.0,0.0
template_grouped,T1-P0,signal_agreement,two_signal_including_rule,127,7,0.7044909020518777,0.670436507936508,0.75,0.7944592291817181,0.8188976377952756
template_grouped,T1-P0,signal_agreement,unanimous,143,5,1.0,1.0,1.0,1.0,1.0
template_grouped,T1-P0,query_length,4-7 tokens,210,10,0.7195663288542545,0.7182834057834058,0.7911650538516211,0.7913136623441799,0.7952380952380952
template_grouped,T1-P0,query_length,8+ tokens,144,9,0.5085803252895759,0.5986790986790987,0.592649553175869,0.5360841920590906,0.5555555555555556
row_stratified,T1-E1,language,EN,162,11,0.8820794213355612,0.8889727312652212,0.8775416502689232,0.9478784063376627,0.9567901234567902
row_stratified,T1-E1,language,ID,88,7,0.9829573934837094,0.9821428571428571,0.9857142857142858,0.9887161084529505,0.9886363636363636
row_stratified,T1-E1,language,MIXED,112,9,0.9916225749559082,0.9939939939939939,0.9898989898989901,0.9819657029478458,0.9821428571428571
row_stratified,T1-E1,signal_agreement,prototype_cluster_against_rule,84,5,0.7910641989589359,0.8023391812865497,0.7849206349206349,0.9332603486738826,0.9285714285714286
row_stratified,T1-E1,signal_agreement,two_signal_including_rule,127,7,0.8285056446821153,0.8333333333333333,0.8348429951690821,0.9812127762104602,0.9763779527559056
row_stratified,T1-E1,signal_agreement,unanimous,151,6,0.9936371589914897,0.9901960784313726,0.9973958333333334,0.9934517517038244,0.9933774834437086
row_stratified,T1-E1,query_length,4-7 tokens,218,11,0.9721871106404322,0.9862009648105906,0.9614137106674421,0.9813417758931106,0.981651376146789
row_stratified,T1-E1,query_length,8+ tokens,144,9,0.9639563812214331,0.9733174034249303,0.9609250398724082,0.9574220417055579,0.9583333333333334
template_grouped,T1-E1,language,EN,154,10,0.49438389017251155,0.5618466898954704,0.4939321789321789,0.5547584173080331,0.6038961038961039
template_grouped,T1-E1,language,ID,88,7,0.42754511693155933,0.47099649576429764,0.4887354941976791,0.5065722717411237,0.5454545454545454
template_grouped,T1-E1,language,MIXED,112,9,0.43709330197864316,0.5942258571568916,0.4391449509096568,0.5241844345714048,0.5446428571428571
template_grouped,T1-E1,signal_agreement,prototype_cluster_against_rule,84,5,0.38947818101463355,0.6078469022017409,0.32518315018315014,0.4612877060286585,0.4166666666666667
template_grouped,T1-E1,signal_agreement,two_signal_including_rule,127,7,0.37053978289880546,0.4015974967061924,0.4589280312405467,0.47437433700828413,0.47244094488188976
template_grouped,T1-E1,signal_agreement,unanimous,143,5,0.699547322184239,0.7759820426487094,0.691976880877743,0.7314798064056918,0.7482517482517482
template_grouped,T1-E1,query_length,4-7 tokens,210,10,0.5275461101971723,0.6277412280701754,0.5169548958504183,0.5999060943739486,0.638095238095238
template_grouped,T1-E1,query_length,8+ tokens,144,9,0.4115275730282371,0.5895576131687243,0.4161667620559949,0.4444241276888713,0.4722222222222222
row_stratified,T1-E2,language,EN,162,11,0.9314443132624952,0.9527417027417028,0.9218417945690672,0.9213403880070545,0.9197530864197531
row_stratified,T1-E2,language,ID,88,7,0.992794302471722,0.9910714285714286,0.9948979591836735,0.9887163423087176,0.9886363636363636
row_stratified,T1-E2,language,MIXED,112,9,0.9421098529094706,0.980646059593428,0.922756981580511,0.9537650546331654,0.9553571428571429
row_stratified,T1-E2,signal_agreement,prototype_cluster_against_rule,84,5,0.7447028667578746,0.7511904761904762,0.7466300366300367,0.8309161935913364,0.8214285714285714
row_stratified,T1-E2,signal_agreement,two_signal_including_rule,127,7,0.8422635118109103,0.8445652173913043,0.8446996259934549,0.9803299550298389,0.9763779527559056
row_stratified,T1-E2,signal_agreement,unanimous,151,6,0.9920255183413077,0.9901960784313726,0.9942528735632185,0.9934197323531586,0.9933774834437086
row_stratified,T1-E2,query_length,4-7 tokens,218,11,0.9668417624865253,0.9673750639604299,0.9697143652367534,0.9546230894404757,0.9541284403669725
row_stratified,T1-E2,query_length,8+ tokens,144,9,0.9502164502164503,0.9641597227804124,0.9389323807968457,0.9378156565656565,0.9375
template_grouped,T1-E2,language,EN,154,10,0.5919200407435702,0.6774756493506494,0.6049711399711399,0.6492471368712773,0.6623376623376623
template_grouped,T1-E2,language,ID,88,7,0.7110428400750981,0.765502354788069,0.7115646258503402,0.7911643314869121,0.7954545454545454
template_grouped,T1-E2,language,MIXED,112,9,0.6377579322784802,0.6754873294346978,0.6180184194890077,0.7276732122622533,0.7142857142857143
template_grouped,T1-E2,signal_agreement,prototype_cluster_against_rule,84,5,0.495357833655706,0.5440303657694961,0.4753663003663003,0.6816385741917657,0.6428571428571429
template_grouped,T1-E2,signal_agreement,two_signal_including_rule,127,7,0.42859283403814125,0.49082186065915717,0.45575885540959926,0.4979663636379648,0.5433070866141733
template_grouped,T1-E2,signal_agreement,unanimous,143,5,0.8579753579753578,0.8697435897435899,0.903448275862069,0.8969992711251453,0.9020979020979021
template_grouped,T1-E2,query_length,4-7 tokens,210,10,0.6383430455515539,0.6357519292301902,0.6627517358263628,0.7306727988814573,0.7523809523809524
template_grouped,T1-E2,query_length,8+ tokens,144,9,0.6106857919472739,0.640314153773553,0.6240103460605696,0.655375902448009,0.6527777777777778
row_stratified,T1-E3,language,EN,162,11,0.9744580555752247,0.9834710743801653,0.9674931129476584,0.9687456641761008,0.9691358024691358
row_stratified,T1-E3,language,ID,88,7,0.8537037037037036,0.8583333333333334,0.849404761904762,0.9654882154882155,0.9545454545454546
row_stratified,T1-E3,language,MIXED,112,9,0.8714027822023999,0.8695349484823169,0.8737373737373737,0.9464598598279707,0.9553571428571429
row_stratified,T1-E3,signal_agreement,prototype_cluster_against_rule,84,5,0.6077533577533577,0.6005847953216374,0.6166666666666667,0.8512122797837084,0.8690476190476191
row_stratified,T1-E3,signal_agreement,two_signal_including_rule,127,7,0.842447020496988,0.8445652173913043,0.8450554134697357,0.9803357348309751,0.9763779527559056
row_stratified,T1-E3,signal_agreement,unanimous,151,6,1.0,1.0,1.0,1.0,1.0
row_stratified,T1-E3,query_length,4-7 tokens,218,11,0.9666581726249277,0.9688311688311689,0.9688644688644689,0.9684454367888696,0.9678899082568807
row_stratified,T1-E3,query_length,8+ tokens,144,9,0.9711635790890983,0.9730990460157128,0.9723551302498671,0.9510823730834473,0.9513888888888888
template_grouped,T1-E3,language,EN,154,10,0.9182026274092836,0.9290737055921733,0.9292424242424241,0.9197672143140759,0.922077922077922
template_grouped,T1-E3,language,ID,88,7,0.5792905011655012,0.6106376262626263,0.6135854341736695,0.6826724411951685,0.6818181818181818
template_grouped,T1-E3,language,MIXED,112,9,0.6208709273182957,0.6418034298358842,0.6327476445123504,0.6871742414070893,0.6607142857142857
template_grouped,T1-E3,signal_agreement,prototype_cluster_against_rule,84,5,0.37816817548275344,0.3729166666666666,0.4006410256410256,0.5620228767835637,0.5833333333333334
template_grouped,T1-E3,signal_agreement,two_signal_including_rule,127,7,0.5862372416381171,0.6135714285714287,0.5786390011825208,0.7869811973106416,0.7322834645669292
template_grouped,T1-E3,signal_agreement,unanimous,143,5,0.9409715105554417,0.9279999999999999,0.971875,0.9415906905146504,0.9370629370629371
template_grouped,T1-E3,query_length,4-7 tokens,210,10,0.8478110807244665,0.8485547785547787,0.8910413864742225,0.8358057731960992,0.8333333333333334
template_grouped,T1-E3,query_length,8+ tokens,144,9,0.6980652413736991,0.7118994805020213,0.7268409519871508,0.6974170835038371,0.7013888888888888
row_stratified,T1-E4,language,EN,162,11,0.9777065585128212,0.9858484653502578,0.9716253443526172,0.9750170214126502,0.9753086419753086
row_stratified,T1-E4,language,ID,88,7,0.8537037037037036,0.8583333333333334,0.849404761904762,0.9654882154882155,0.9545454545454546
row_stratified,T1-E4,language,MIXED,112,9,0.8714027822023999,0.8695349484823169,0.8737373737373737,0.9464598598279707,0.9553571428571429
row_stratified,T1-E4,signal_agreement,prototype_cluster_against_rule,84,5,0.6159090909090909,0.6077586206896551,0.625,0.864069264069264,0.8809523809523809
row_stratified,T1-E4,signal_agreement,two_signal_including_rule,127,7,0.842447020496988,0.8445652173913043,0.8450554134697357,0.9803357348309751,0.9763779527559056
row_stratified,T1-E4,signal_agreement,unanimous,151,6,1.0,1.0,1.0,1.0,1.0
row_stratified,T1-E4,query_length,4-7 tokens,218,11,0.9666581726249277,0.9688311688311689,0.9688644688644689,0.9684454367888696,0.9678899082568807
row_stratified,T1-E4,query_length,8+ tokens,144,9,0.9746122970260901,0.9762222690748941,0.9752791068580543,0.9580676427659185,0.9583333333333334
template_grouped,T1-E4,language,EN,154,10,0.9264225970108324,0.9639787664307381,0.9132323232323232,0.9376354483306355,0.9415584415584416
template_grouped,T1-E4,language,ID,88,7,0.6933333333333334,0.7049242424242423,0.6842261904761905,0.8186363636363637,0.7954545454545454
template_grouped,T1-E4,language,MIXED,112,9,0.636036208325365,0.6598063973063972,0.661319073083779,0.7201868699286944,0.7410714285714286
template_grouped,T1-E4,signal_agreement,prototype_cluster_against_rule,84,5,0.39999999999999997,0.4523809523809524,0.39285714285714285,0.6722222222222223,0.6904761904761905
template_grouped,T1-E4,signal_agreement,two_signal_including_rule,127,7,0.7041811384824089,0.7537097162097162,0.6887008543482844,0.7700728996326122,0.7637795275590551
template_grouped,T1-E4,signal_agreement,unanimous,143,5,1.0,1.0,1.0,1.0,1.0
template_grouped,T1-E4,query_length,4-7 tokens,210,10,0.8510393715134696,0.9031263858093126,0.8443736263736265,0.8662061865739017,0.8714285714285714
template_grouped,T1-E4,query_length,8+ tokens,144,9,0.7843481382704057,0.8081364732374234,0.8012202222728538,0.7918330949304493,0.7986111111111112
