query_id,query_text,language,fold,template_id,true_intent,predicted_intent,predicted_probability,second_intent,second_probability,probability_margin,true_top_level,predicted_top_level,correct_subtype,correct_top_level
Q003,interaksi obat Nivolumab dan Nivolumab pada Colorectal Cancer,ID,1,afa6fb7e3640,Interaction / Combination,Interaction / Combination,0.22207474866531193,Management / Treatment Selection,0.11065452105886343,0.1114202276064485,Pharmacotherapy,Pharmacotherapy,True,True
Q004,Apixaban efficacy pada Deep Vein Thrombosis clinical outcome data,MIXED,5,849e00fb468f,Efficacy / Outcomes,Efficacy / Outcomes,0.33990405432129095,Safety / Contraindication,0.10467795443430387,0.23522609988698706,Pharmacotherapy; Epidemiology / Prognosis,Pharmacotherapy; Epidemiology / Prognosis,True,True
Q005,Penicillins in pregnancy and HIV/AIDS,EN,3,ed8667a89e88,Safety / Contraindication,Safety / Contraindication,0.24247378118970847,Dosing / Administration,0.11682708878648292,0.12564669240322557,Pharmacotherapy,Pharmacotherapy,True,True
Q006,kombinasi Metoprolol dan Metoprolol pada Heart Failure aman atau tidak,MIXED,5,1d1abfbd8194,Interaction / Combination,Interaction / Combination,0.3411896836613337,Safety / Contraindication,0.10799372763270818,0.2331959560286255,Pharmacotherapy,Pharmacotherapy,True,True
Q007,Hydroxychloroquine hepatic impairment dose in Rheumatoid Arthritis,EN,3,f5b7d27c6f50,Dosing / Administration,Dosing / Administration,0.3773026970386951,Safety / Contraindication,0.08566143345433391,0.2916412635843612,Pharmacotherapy,Pharmacotherapy,True,True
Q009,Tenofovir+Lamivudine drug interaction with Tenofovir+Lamivudine in Urinary Tract Infection,EN,4,478837781f0e,Interaction / Combination,Interaction / Combination,0.21791748360603408,Dosing / Administration,0.10890858464072278,0.1090088989653113,Pharmacotherapy,Pharmacotherapy,True,True
Q010,renal dose adjustment Magnesium sulphate in Preeclampsia,EN,1,cd1052335e0a,Dosing / Administration,Dosing / Administration,0.2343637019458553,Comparative Treatment Choice,0.18102830196937514,0.05333539997648015,Pharmacotherapy,Pharmacotherapy,True,True
Q011,Psoriasis dengan renal impairment penyesuaian dosis Tacrolimus topical,MIXED,2,4d2fa9d142ab,Dosing / Administration,Dosing / Administration,0.4347480026519915,Safety / Contraindication,0.08328718868709192,0.3514608139648996,Pharmacotherapy,Pharmacotherapy,True,True
Q012,Artemether-lumefantrine pada pasien elderly Typhoid Fever apa perlu adjustment,MIXED,5,c59d8b67a8c4,Dosing / Administration,Dosing / Administration,0.2779221556006412,Safety / Contraindication,0.13039069695514788,0.14753145864549333,Pharmacotherapy,Pharmacotherapy,True,True
Q013,kontraindikasi Bedaquiline pada Tuberculosis dengan anaemia,MIXED,4,9870c9a484f1,Safety / Contraindication,Safety / Contraindication,0.27072243345501307,Dosing / Administration,0.11374238100841827,0.1569800524465948,Pharmacotherapy,Pharmacotherapy,True,True
Q014,Malaria pediatric dosing Tenofovir disoproxil,EN,4,d5dfc84007de,Dosing / Administration,Dosing / Administration,0.19460738640795364,Interaction / Combination,0.12041926034610093,0.07418812606185271,Pharmacotherapy,Pharmacotherapy,True,True
Q015,Peptic Ulcer Disease prophylaxis Lansoprazole indication,EN,2,da816ba756d0,Prophylaxis / Maintenance,Prophylaxis / Maintenance,0.22369693752032455,Treatment Change / Escalation,0.1348855523137993,0.08881138520652523,Management / Treatment,Management / Treatment,True,True
Q017,PD-1 inhibitors mechanism untuk Colorectal Cancer bagaimana cara kerjanya,MIXED,2,97495153da10,Mechanism / Background Knowledge,Mechanism / Background Knowledge,0.3424231501666343,Dosing / Administration,0.08623151797541641,0.25619163219121793,New dataset-specific class,New dataset-specific class,True,True
Q018,interaksi obat Losartan dan Empagliflozin pada Chronic Kidney Disease,ID,1,afa6fb7e3640,Interaction / Combination,Interaction / Combination,0.20377601074117277,Management / Treatment Selection,0.12341510208688652,0.08036090865428624,Pharmacotherapy,Pharmacotherapy,True,True
Q019,Rheumatoid Arthritis dengan renal impairment penyesuaian dosis Bortezomib,MIXED,1,4d2fa9d142ab,Dosing / Administration,Dosing / Administration,0.2999821854283466,Management / Treatment Selection,0.1034133324045511,0.1965688530237955,Pharmacotherapy,Pharmacotherapy,True,True
Q021,dosis titrasi Tenofovir disoproxil Malaria toleransi pasien,MIXED,3,53cd53b9af09,Dosing / Administration,Dosing / Administration,0.334503254917913,Interaction / Combination,0.10092995643314341,0.2335732984847696,Pharmacotherapy,Pharmacotherapy,True,True
Q022,resistensi Methyldopa pada Hypertension in Pregnancy alternatif Methyldopa,ID,5,710c31cca86a,Treatment Change / Escalation,Safety / Contraindication,0.19217545274499165,Treatment Change / Escalation,0.1742673044766095,0.017908148268382135,Management / Treatment,Pharmacotherapy,False,False
Q024,Gout dengan renal impairment penyesuaian dosis Adalimumab,MIXED,1,4d2fa9d142ab,Dosing / Administration,Dosing / Administration,0.32090354098086266,Safety / Contraindication,0.10508432769245342,0.21581921328840925,Pharmacotherapy,Pharmacotherapy,True,True
Q025,Acute Coronary Syndrome guideline update 2023 summary,EN,1,6c58394a9978,Guideline / Evidence Lookup,Guideline / Evidence Lookup,0.3296723416738752,Safety / Contraindication,0.1118184346689094,0.21785390700496582,Evidence / Guideline Lookup,Evidence / Guideline Lookup,True,True
Q026,kontraindikasi Labetalol pada Hypertension in Pregnancy dengan atrial fibrillation,MIXED,1,70678f52e3f5,Safety / Contraindication,Safety / Contraindication,0.2366748224561799,Dosing / Administration,0.12754373412430473,0.10913108833187518,Pharmacotherapy,Pharmacotherapy,True,True
Q029,Empagliflozin efficacy pada Type 2 Diabetes Mellitus clinical outcome data,MIXED,5,849e00fb468f,Efficacy / Outcomes,Efficacy / Outcomes,0.4051317577490344,Safety / Contraindication,0.10106938315341281,0.30406237459562163,Pharmacotherapy; Epidemiology / Prognosis,Pharmacotherapy; Epidemiology / Prognosis,True,True
Q031,Ibuprofen side effect pada pasien Psoriatic Arthritis apa saja,MIXED,5,28a161bd9f40,Safety / Contraindication,Safety / Contraindication,0.29995456297869705,Dosing / Administration,0.14153706368135469,0.15841749929734236,Pharmacotherapy,Pharmacotherapy,True,True
Q032,interaksi obat Ramipril dan Spironolactone pada Heart Failure,ID,2,afa6fb7e3640,Interaction / Combination,Interaction / Combination,0.3336796644304597,Dosing / Administration,0.10460208440742239,0.22907758002303732,Pharmacotherapy,Pharmacotherapy,True,True
Q033,dosis Semaglutide pada Obesity pasien hypertension aman tidak,MIXED,4,a4a2af11e084,Safety / Contraindication,Safety / Contraindication,0.2306686571624745,Dosing / Administration,0.15239659307873718,0.07827206408373732,Pharmacotherapy,Pharmacotherapy,True,True
Q034,Typhoid Fever treatment algorithm Antimalarials first line,EN,5,594746dc8026,Management / Treatment Selection,Management / Treatment Selection,0.33316408773163175,Dosing / Administration,0.09481685124129584,0.2383472364903359,Management / Treatment,Management / Treatment,True,True
Q035,algoritma terapi HIV/AIDS step up,ID,1,abe2151a12ea,Management / Treatment Selection,Management / Treatment Selection,0.4655628958844632,Dosing / Administration,0.07893423626670365,0.38662865961775955,Management / Treatment,Management / Treatment,True,True
Q036,Atrial Fibrillation pediatric dosing Empagliflozin,EN,2,d5dfc84007de,Dosing / Administration,Dosing / Administration,0.1849840869227592,Safety / Contraindication,0.1265120767037209,0.058472010219038306,Pharmacotherapy,Pharmacotherapy,True,True
Q037,SSRIs in pregnancy and ADHD,EN,4,ed8667a89e88,Safety / Contraindication,Safety / Contraindication,0.3423462038687511,Dosing / Administration,0.0949131796288667,0.2474330242398844,Pharmacotherapy,Pharmacotherapy,True,True
Q039,algoritma terapi Chronic Kidney Disease step up,ID,2,abe2151a12ea,Management / Treatment Selection,Management / Treatment Selection,0.3744222509580743,Prophylaxis / Maintenance,0.10090295715658391,0.27351929380149037,Management / Treatment,Management / Treatment,True,True
Q040,resistensi Desmopressin pada Diabetes Insipidus alternatif Desmopressin,ID,4,710c31cca86a,Treatment Change / Escalation,Treatment Change / Escalation,0.16444914388979442,Management / Treatment Selection,0.1324698797234787,0.03197926416631572,Management / Treatment,Management / Treatment,True,True
Q041,SGLT2 inhibitors mechanism of action in Chronic Kidney Disease,EN,1,5345ee42b4e3,Mechanism / Background Knowledge,Mechanism / Background Knowledge,0.41244492588178255,Management / Treatment Selection,0.08431135078909377,0.3281335750926888,New dataset-specific class,New dataset-specific class,True,True
Q043,Thyroid hormones kontraindikasi pada Hyperthyroidism dengan hepatic impairment,ID,3,494372f04cda,Safety / Contraindication,Safety / Contraindication,0.21046720986003542,Dosing / Administration,0.170473078077183,0.03999413178285241,Pharmacotherapy,Pharmacotherapy,True,True
Q044,Malaria with pregnancy first line drug,EN,1,cc5ac64caac5,Management / Treatment Selection,Management / Treatment Selection,0.3589155276574338,Safety / Contraindication,0.10315305792562052,0.25576246973181327,Management / Treatment,Management / Treatment,True,True
Q046,kapan mulai terapi Adalimumab pada Gout,ID,3,8a9a544a6533,Management / Treatment Selection,Management / Treatment Selection,0.3214505093788873,Prophylaxis / Maintenance,0.11726183268037088,0.20418867669851642,Management / Treatment,Management / Treatment,True,True
Q047,Tiotropium long term outcomes COPD,EN,4,f01dddd287b1,Efficacy / Outcomes,Efficacy / Outcomes,0.5269880818889005,Safety / Contraindication,0.06894976628393068,0.45803831560496977,Pharmacotherapy; Epidemiology / Prognosis,Pharmacotherapy; Epidemiology / Prognosis,True,True
Q048,Ibuprofen long term outcomes Systemic Lupus Erythematosus,EN,2,f01dddd287b1,Efficacy / Outcomes,Efficacy / Outcomes,0.3919945646872231,Dosing / Administration,0.09906717701239631,0.2929273876748268,Pharmacotherapy; Epidemiology / Prognosis,Pharmacotherapy; Epidemiology / Prognosis,True,True
Q049,Calcium channel blockers mechanism untuk Atrial Fibrillation bagaimana cara kerjanya,MIXED,2,97495153da10,Mechanism / Background Knowledge,Mechanism / Background Knowledge,0.25923258139711564,Guideline / Evidence Lookup,0.12185023116772722,0.1373823502293884,New dataset-specific class,New dataset-specific class,True,True
Q050,Levofloxacin hepatic impairment dose in HIV/AIDS,EN,2,f5b7d27c6f50,Dosing / Administration,Dosing / Administration,0.4086469272455119,Safety / Contraindication,0.09692197988859128,0.3117249473569206,Pharmacotherapy,Pharmacotherapy,True,True
Q053,Atypical antipsychotics mechanism of action in Schizophrenia,EN,5,5345ee42b4e3,Mechanism / Background Knowledge,Mechanism / Background Knowledge,0.44612244272141804,Dosing / Administration,0.08515749881780611,0.36096494390361195,New dataset-specific class,New dataset-specific class,True,True
Q055,Methimazole side effect pada pasien Hyperthyroidism apa saja,MIXED,4,28a161bd9f40,Safety / Contraindication,Safety / Contraindication,0.3941452475681442,Dosing / Administration,0.11704518888843615,0.277100058679708,Pharmacotherapy,Pharmacotherapy,True,True
Q056,Sepsis emergency Piperacillin-tazobactam loading dose berapa,MIXED,4,99a10b7361fd,Dosing / Administration,Dosing / Administration,0.30118755298576,Interaction / Combination,0.11726942135478981,0.1839181316309702,Pharmacotherapy,Pharmacotherapy,True,True
Q057,Dapagliflozin vs Dapagliflozin untuk pasien Chronic Kidney Disease mana lebih efektif,MIXED,1,3fde7b2fc12a,Comparative Treatment Choice,Comparative Treatment Choice,0.3177530748253216,Dosing / Administration,0.10739940906124791,0.21035366576407372,Pharmacotherapy,Pharmacotherapy,True,True
Q058,Thrombolytics role in Ischaemic Stroke pathophysiology,EN,4,c3bf7815a646,Mechanism / Background Knowledge,Mechanism / Background Knowledge,0.25489239760092897,Safety / Contraindication,0.09835111723756784,0.15654128036336112,New dataset-specific class,New dataset-specific class,True,True
Q059,switch dari Dupilumab ke Cyclosporine Psoriasis progresif,MIXED,4,cc7ef385fde1,Treatment Change / Escalation,Treatment Change / Escalation,0.4251320741405044,Dosing / Administration,0.09924590667996563,0.3258861674605388,Management / Treatment,Management / Treatment,True,True
Q060,Migraine with liver disease first line drug,EN,4,2d44e5be7a46,Management / Treatment Selection,Management / Treatment Selection,0.369505020296629,Dosing / Administration,0.09178823081451534,0.27771678948211365,Management / Treatment,Management / Treatment,True,True
Q063,Malaria pada anak dosis Tenofovir disoproxil,ID,1,eaced383bf48,Dosing / Administration,Dosing / Administration,0.3134183803460892,Interaction / Combination,0.1143406887098944,0.19907769163619482,Pharmacotherapy,Pharmacotherapy,True,True
Q065,Semaglutide efficacy pada Type 2 Diabetes Mellitus clinical outcome data,MIXED,2,849e00fb468f,Efficacy / Outcomes,Efficacy / Outcomes,0.3914307185808595,Safety / Contraindication,0.08819088838930349,0.303239830191556,Pharmacotherapy; Epidemiology / Prognosis,Pharmacotherapy; Epidemiology / Prognosis,True,True
Q068,Labetalol resistance in Hypertension in Pregnancy alternative therapy,EN,5,972b8cd8de38,Treatment Change / Escalation,Treatment Change / Escalation,0.18097419958953068,Safety / Contraindication,0.15541090607111172,0.02556329351841896,Management / Treatment,Management / Treatment,True,True
Q069,dosis titrasi Alendronate Osteoporosis toleransi pasien,MIXED,5,53cd53b9af09,Dosing / Administration,Dosing / Administration,0.3628283156441938,Treatment Change / Escalation,0.08801030291083314,0.2748180127333607,Pharmacotherapy,Pharmacotherapy,True,True
Q070,Furosemide long term outcomes Nephrotic Syndrome,EN,4,f01dddd287b1,Efficacy / Outcomes,Efficacy / Outcomes,0.5189226538881707,Dosing / Administration,0.0649887410259249,0.4539339128622458,Pharmacotherapy; Epidemiology / Prognosis,Pharmacotherapy; Epidemiology / Prognosis,True,True
Q071,Vancomycin vs Piperacillin-tazobactam in Sepsis patients,EN,2,d6572fa1b039,Comparative Treatment Choice,Comparative Treatment Choice,0.21596774116254477,Dosing / Administration,0.12025150933620063,0.09571623182634414,Pharmacotherapy,Pharmacotherapy,True,True
Q072,prophylaxis Typhoid Fever Artemether-lumefantrine kapan bisa dihentikan,MIXED,5,2972fa4e0624,Prophylaxis / Maintenance,Prophylaxis / Maintenance,0.36132234654410583,Interaction / Combination,0.10160793672218309,0.25971440982192273,Management / Treatment,Management / Treatment,True,True
Q074,Zinc supplements role in Stunting / Malnutrition pathophysiology,EN,3,c3bf7815a646,Mechanism / Background Knowledge,Mechanism / Background Knowledge,0.2816937483689915,Dosing / Administration,0.10898391902650646,0.17270982934248508,New dataset-specific class,New dataset-specific class,True,True
Q075,Psoriasis guideline update terbaru summary,EN,5,218a65f48c2b,Guideline / Evidence Lookup,Guideline / Evidence Lookup,0.4575999926041912,Dosing / Administration,0.07781471801798646,0.37978527458620476,Evidence / Guideline Lookup,Evidence / Guideline Lookup,True,True
Q076,Acute Coronary Syndrome dengan renal impairment penyesuaian dosis Ezetimibe,MIXED,1,4d2fa9d142ab,Dosing / Administration,Dosing / Administration,0.29230172012652106,Safety / Contraindication,0.1366387631887518,0.15566295693776927,Pharmacotherapy,Pharmacotherapy,True,True
Q077,algoritma terapi Iron Deficiency Anaemia step up,ID,5,abe2151a12ea,Management / Treatment Selection,Management / Treatment Selection,0.3542251240345273,Safety / Contraindication,0.11267278842275583,0.24155233561177145,Management / Treatment,Management / Treatment,True,True
Q078,apakah Risperidone aman untuk Schizophrenia dengan anaemia,ID,1,e49463e1274d,Safety / Contraindication,Safety / Contraindication,0.1928725464400683,Prophylaxis / Maintenance,0.11925132474555718,0.07362122169451112,Pharmacotherapy,Pharmacotherapy,True,True
Q079,Benzodiazepines mechanism of action in Febrile Seizure,EN,4,5345ee42b4e3,Mechanism / Background Knowledge,Mechanism / Background Knowledge,0.40415571454374627,Safety / Contraindication,0.1020316556545951,0.30212405888915117,New dataset-specific class,New dataset-specific class,True,True
Q084,algoritma terapi COPD step up,ID,2,abe2151a12ea,Management / Treatment Selection,Management / Treatment Selection,0.4350867124758196,Prophylaxis / Maintenance,0.07482384168479136,0.36026287079102826,Management / Treatment,Management / Treatment,True,True
Q085,Methylphenidate vs Methylphenidate efficacy in Breast Cancer HER2-positive,EN,3,69ffe19b306b,Comparative Treatment Choice,Comparative Treatment Choice,0.16553463123423107,Dosing / Administration,0.131348769025973,0.03418586220825806,Pharmacotherapy,Pharmacotherapy,True,True
Q088,renal dose adjustment Diazepam in Febrile Seizure,EN,4,cd1052335e0a,Dosing / Administration,Dosing / Administration,0.25053372154821424,Safety / Contraindication,0.12845291089819724,0.122080810650017,Pharmacotherapy,Pharmacotherapy,True,True
Q090,algoritma terapi Community-acquired Pneumonia step up,ID,1,abe2151a12ea,Management / Treatment Selection,Management / Treatment Selection,0.37359597535899186,Dosing / Administration,0.09937223397941318,0.27422374137957867,Management / Treatment,Management / Treatment,True,True
Q091,Liraglutide pada pasien elderly Obesity apa perlu adjustment,MIXED,5,c59d8b67a8c4,Dosing / Administration,Dosing / Administration,0.3230731710399499,Safety / Contraindication,0.13869437140793014,0.18437879963201978,Pharmacotherapy,Pharmacotherapy,True,True
Q092,switch dari Levothyroxine ke Levothyroxine Hyperthyroidism progresif,MIXED,2,cc7ef385fde1,Treatment Change / Escalation,Treatment Change / Escalation,0.33274056299124927,Dosing / Administration,0.1101361949330133,0.22260436805823597,Management / Treatment,Management / Treatment,True,True
Q093,penggantian Ezetimibe ke Amlodipine pada Acute Coronary Syndrome,ID,3,948b14698d5c,Treatment Change / Escalation,Treatment Change / Escalation,0.163712538527623,Dosing / Administration,0.13588761643289524,0.027824922094727755,Management / Treatment,Management / Treatment,True,True
Q096,Epilepsy risk stratification approach,EN,5,f505cd6343ab,Monitoring / Response / Risk Assessment,Monitoring / Response / Risk Assessment,0.5283159186358262,Dosing / Administration,0.06028930045536323,0.4680266181804629,Management / Treatment; Epidemiology / Prognosis,Management / Treatment; Epidemiology / Prognosis,True,True
Q097,Iron Deficiency Anaemia pada anak dosis Ferrous sulphate,ID,4,eaced383bf48,Dosing / Administration,Dosing / Administration,0.286981519943017,Safety / Contraindication,0.11996678083842756,0.16701473910458947,Pharmacotherapy,Pharmacotherapy,True,True
Q099,Atrial Fibrillation emergency Apixaban loading dose berapa,MIXED,3,99a10b7361fd,Dosing / Administration,Dosing / Administration,0.34700457990502975,Safety / Contraindication,0.09912849930170213,0.2478760806033276,Pharmacotherapy,Pharmacotherapy,True,True
Q100,prophylaxis Ischaemic Stroke Alteplase kapan bisa dihentikan,MIXED,3,2972fa4e0624,Prophylaxis / Maintenance,Prophylaxis / Maintenance,0.4201232974198353,Management / Treatment Selection,0.09391115877851182,0.3262121386413235,Management / Treatment,Management / Treatment,True,True
Q101,Dolutegravir drug interaction with Tenofovir disoproxil in Malaria,EN,2,478837781f0e,Interaction / Combination,Interaction / Combination,0.2051506903605626,Dosing / Administration,0.14673038586601297,0.05842030449454963,Pharmacotherapy,Pharmacotherapy,True,True
Q102,Antimalarials kontraindikasi pada Typhoid Fever dengan obesity,ID,1,c5da815fa0f2,Safety / Contraindication,Safety / Contraindication,0.2164701462459241,Dosing / Administration,0.11583573313120965,0.10063441311471444,Pharmacotherapy,Pharmacotherapy,True,True
Q104,Erythropoietin loading dose Iron Deficiency Anaemia emergency,EN,5,ac570d520b1e,Dosing / Administration,Dosing / Administration,0.2904506194840313,Safety / Contraindication,0.13771582843038266,0.15273479105364862,Pharmacotherapy,Pharmacotherapy,True,True
Q106,titration protocol Metoprolol in Heart Failure,EN,3,94c522035a7e,Dosing / Administration,Dosing / Administration,0.24967217584056778,Interaction / Combination,0.1119227966670181,0.13774937917354968,Pharmacotherapy,Pharmacotherapy,True,True
Q107,algoritma terapi Asthma step up,ID,5,abe2151a12ea,Management / Treatment Selection,Management / Treatment Selection,0.4546571823620286,Safety / Contraindication,0.07172899779316622,0.3829281845688624,Management / Treatment,Management / Treatment,True,True
Q110,dosis titrasi Topiramate Epilepsy toleransi pasien,MIXED,5,53cd53b9af09,Dosing / Administration,Dosing / Administration,0.33427954903305995,Safety / Contraindication,0.09295355746316455,0.2413259915698954,Pharmacotherapy,Pharmacotherapy,True,True
Q111,Erythropoietin contraindication in Iron Deficiency Anaemia with anaemia,EN,2,0ba360344167,Safety / Contraindication,Safety / Contraindication,0.17982567995785664,Dosing / Administration,0.14385028426011515,0.0359753956977415,Pharmacotherapy,Pharmacotherapy,True,True
Q112,Alteplase vs Aspirin in Ischaemic Stroke patients,EN,3,d6572fa1b039,Comparative Treatment Choice,Comparative Treatment Choice,0.21307339172695736,Management / Treatment Selection,0.11401761120242908,0.09905578052452828,Pharmacotherapy,Pharmacotherapy,True,True
Q114,Colchicine vs Colchicine in Psoriatic Arthritis patients,EN,5,d6572fa1b039,Comparative Treatment Choice,Comparative Treatment Choice,0.2219160944133089,Dosing / Administration,0.1476049401015669,0.07431115431174198,Pharmacotherapy,Pharmacotherapy,True,True
Q115,dosis Artemether-lumefantrine untuk pasien Typhoid Fever,ID,5,6b1965d20a53,Dosing / Administration,Dosing / Administration,0.20016715760002154,Comparative Treatment Choice,0.19022669445830467,0.009940463141716871,Pharmacotherapy,Pharmacotherapy,True,True
Q117,switch dari Artemether-lumefantrine ke Artemether-lumefantrine Typhoid Fever progresif,MIXED,5,cc7ef385fde1,Treatment Change / Escalation,Treatment Change / Escalation,0.2739778669689101,Interaction / Combination,0.12964242601837278,0.1443354409505373,Management / Treatment,Management / Treatment,True,True
Q118,Chronic Lymphocytic Leukaemia emergency Ibrutinib loading dose berapa,MIXED,4,99a10b7361fd,Dosing / Administration,Dosing / Administration,0.2850246121135674,Safety / Contraindication,0.09316977430811191,0.19185483780545548,Pharmacotherapy,Pharmacotherapy,True,True
Q121,when to start Venlafaxine in Major Depressive Disorder,EN,5,13d11e4b4b23,Management / Treatment Selection,Management / Treatment Selection,0.20327199152876316,Treatment Change / Escalation,0.11950628501590882,0.08376570651285434,Management / Treatment,Management / Treatment,True,True
Q122,Tenofovir+Lamivudine pada pasien elderly Urinary Tract Infection apa perlu adjustment,MIXED,3,c59d8b67a8c4,Dosing / Administration,Dosing / Administration,0.2520281950074499,Interaction / Combination,0.14775080649196348,0.1042773885154864,Pharmacotherapy,Pharmacotherapy,True,True
Q123,kapan mulai terapi Rivaroxaban pada Deep Vein Thrombosis,ID,4,8a9a544a6533,Management / Treatment Selection,Management / Treatment Selection,0.19616292629675353,Treatment Change / Escalation,0.13316981492108143,0.0629931113756721,Management / Treatment,Management / Treatment,True,True
Q125,kontraindikasi Secukinumab pada Gout dengan heart failure,MIXED,3,efff2666d08e,Safety / Contraindication,Safety / Contraindication,0.19859904590012062,Dosing / Administration,0.14736418755112932,0.0512348583489913,Pharmacotherapy,Pharmacotherapy,True,True
Q127,Tuberculosis with CKD first line drug,EN,3,5ff75f28c581,Management / Treatment Selection,Management / Treatment Selection,0.34155570719862915,Safety / Contraindication,0.09710322070882602,0.24445248648980314,Management / Treatment,Management / Treatment,True,True
Q129,Imatinib pada ibu hamil dengan Chronic Myeloid Leukaemia,ID,5,8d3aa2c8633c,Safety / Contraindication,Safety / Contraindication,0.2803256232985787,Dosing / Administration,0.10451497811585798,0.17581064518272072,Pharmacotherapy,Pharmacotherapy,True,True
Q130,Bisoprolol dosing in Heart Failure with hypertension,EN,3,e057ee4b921e,Dosing / Administration,Dosing / Administration,0.20392907571341248,Safety / Contraindication,0.11682823998444439,0.0871008357289681,Pharmacotherapy,Pharmacotherapy,True,True
Q131,kontraindikasi Rifampicin pada Tuberculosis dengan COPD,MIXED,3,138d4ede2b0b,Safety / Contraindication,Safety / Contraindication,0.25834723146485217,Dosing / Administration,0.10505203871881659,0.1532951927460356,Pharmacotherapy,Pharmacotherapy,True,True
Q132,Methotrexate dosing in Systemic Lupus Erythematosus with heart failure,EN,5,0eac518ed6a6,Dosing / Administration,Dosing / Administration,0.16764677240162182,Prophylaxis / Maintenance,0.11881601784526616,0.04883075455635566,Pharmacotherapy,Pharmacotherapy,True,True
Q134,Non-Small Cell Lung Cancer prophylaxis Pembrolizumab indication,EN,3,da816ba756d0,Prophylaxis / Maintenance,Prophylaxis / Maintenance,0.21288390549912442,Safety / Contraindication,0.11440165298844943,0.098482252510675,Management / Treatment,Management / Treatment,True,True
Q135,Rosuvastatin hepatic impairment dose in Acute Coronary Syndrome,EN,4,f5b7d27c6f50,Dosing / Administration,Dosing / Administration,0.3038510656974245,Safety / Contraindication,0.13736447150476241,0.16648659419266207,Pharmacotherapy,Pharmacotherapy,True,True
Q137,ARBs mechanism untuk Heart Failure bagaimana cara kerjanya,MIXED,3,97495153da10,Mechanism / Background Knowledge,Mechanism / Background Knowledge,0.39748784890731115,Dosing / Administration,0.09415649924719198,0.30333134966011915,New dataset-specific class,New dataset-specific class,True,True
Q138,Pembrolizumab pada ibu hamil dengan Non-Small Cell Lung Cancer,ID,2,8d3aa2c8633c,Safety / Contraindication,Safety / Contraindication,0.19033721613924007,Comparative Treatment Choice,0.11728708074119722,0.07305013539804285,Pharmacotherapy,Pharmacotherapy,True,True
Q139,dosis titrasi Artemether-lumefantrine Typhoid Fever toleransi pasien,MIXED,5,53cd53b9af09,Dosing / Administration,Dosing / Administration,0.300821986295441,Interaction / Combination,0.11669147502059529,0.1841305112748457,Pharmacotherapy,Pharmacotherapy,True,True
Q140,Beta blockers selective role in Stable Angina pathophysiology,EN,3,c3bf7815a646,Mechanism / Background Knowledge,Mechanism / Background Knowledge,0.3241006856053032,Dosing / Administration,0.09619859045387141,0.22790209515143178,New dataset-specific class,New dataset-specific class,True,True
Q141,prophylaxis Colorectal Cancer Pembrolizumab kapan bisa dihentikan,MIXED,3,2972fa4e0624,Prophylaxis / Maintenance,Prophylaxis / Maintenance,0.46388004839254127,Management / Treatment Selection,0.07868617501634474,0.38519387337619654,Management / Treatment,Management / Treatment,True,True
Q142,Vitamin A kontraindikasi pada Stunting / Malnutrition dengan COPD,ID,1,dc07a5051e20,Safety / Contraindication,Safety / Contraindication,0.24444598564616865,Dosing / Administration,0.126959166092323,0.11748681955384566,Pharmacotherapy,Pharmacotherapy,True,True
Q143,switch dari Adalimumab ke Adalimumab Systemic Lupus Erythematosus progresif,MIXED,2,cc7ef385fde1,Treatment Change / Escalation,Treatment Change / Escalation,0.29257014692651123,Dosing / Administration,0.12165067139410664,0.1709194755324046,Management / Treatment,Management / Treatment,True,True
Q144,Colchicine loading dose Psoriatic Arthritis emergency,EN,2,ac570d520b1e,Dosing / Administration,Dosing / Administration,0.2713906649745975,Comparative Treatment Choice,0.11785404041485108,0.15353662455974643,Pharmacotherapy,Pharmacotherapy,True,True
Q145,titration protocol Rivaroxaban in Community-acquired Pneumonia,EN,4,94c522035a7e,Dosing / Administration,Dosing / Administration,0.23761504725448426,Safety / Contraindication,0.10632957392652706,0.1312854733279572,Pharmacotherapy,Pharmacotherapy,True,True
Q146,Bedaquiline vs Rifampicin untuk pasien Tuberculosis mana lebih efektif,MIXED,5,3fde7b2fc12a,Comparative Treatment Choice,Comparative Treatment Choice,0.4302084953703784,Dosing / Administration,0.1008403413437128,0.32936815402666564,Pharmacotherapy,Pharmacotherapy,True,True
Q148,MDR Tuberculosis dengan renal impairment penyesuaian dosis Bedaquiline,MIXED,5,4d2fa9d142ab,Dosing / Administration,Dosing / Administration,0.3731773454286023,Safety / Contraindication,0.09968597594700776,0.2734913694815946,Pharmacotherapy,Pharmacotherapy,True,True
Q149,Factor Xa inhibitors mechanism of action in Community-acquired Pneumonia,EN,3,5345ee42b4e3,Mechanism / Background Knowledge,Mechanism / Background Knowledge,0.4239987641214424,Dosing / Administration,0.09959520208624809,0.32440356203519427,New dataset-specific class,New dataset-specific class,True,True
Q150,Magnesium sulphate vs Magnesium sulphate untuk Preeclampsia,ID,3,e57118fc321d,Comparative Treatment Choice,Comparative Treatment Choice,0.2944238150627426,Dosing / Administration,0.1296840896703749,0.16473972539236773,Pharmacotherapy,Pharmacotherapy,True,True
Q152,apakah Bedaquiline aman untuk Tuberculosis dengan obesity,ID,3,b25b0107af64,Safety / Contraindication,Safety / Contraindication,0.18787835297236932,Dosing / Administration,0.12445396405813644,0.06342438891423288,Pharmacotherapy,Pharmacotherapy,True,True
Q153,Rheumatoid Arthritis guideline update 2023 summary,EN,1,6c58394a9978,Guideline / Evidence Lookup,Guideline / Evidence Lookup,0.3808537144142527,Management / Treatment Selection,0.08407886698329335,0.29677484743095933,Evidence / Guideline Lookup,Evidence / Guideline Lookup,True,True
Q154,Apixaban hepatic impairment dose in Community-acquired Pneumonia,EN,4,f5b7d27c6f50,Dosing / Administration,Dosing / Administration,0.3492982608988563,Safety / Contraindication,0.10380174984776143,0.24549651105109488,Pharmacotherapy,Pharmacotherapy,True,True
Q155,kombinasi Artemether-lumefantrine dan Artemether-lumefantrine pada Typhoid Fever aman atau tidak,MIXED,3,1d1abfbd8194,Interaction / Combination,Interaction / Combination,0.203971629748238,Safety / Contraindication,0.14312988436552104,0.060841745382716944,Pharmacotherapy,Pharmacotherapy,True,True
Q157,Benzodiazepines in pregnancy and Febrile Seizure,EN,3,ed8667a89e88,Safety / Contraindication,Safety / Contraindication,0.2511513819648351,Dosing / Administration,0.1108909578334236,0.1402604241314115,Pharmacotherapy,Pharmacotherapy,True,True
Q158,when to start Sertraline in ADHD,EN,3,13d11e4b4b23,Management / Treatment Selection,Management / Treatment Selection,0.23102457548617986,Interaction / Combination,0.1139762498909739,0.11704832559520596,Management / Treatment,Management / Treatment,True,True
Q159,titration protocol Cyclosporine in Psoriasis,EN,2,94c522035a7e,Dosing / Administration,Dosing / Administration,0.23163235318664954,Treatment Change / Escalation,0.0971554573774286,0.13447689580922095,Pharmacotherapy,Pharmacotherapy,True,True
Q160,Obesity pada anak dosis Liraglutide,ID,2,eaced383bf48,Dosing / Administration,Dosing / Administration,0.3017579513640959,Safety / Contraindication,0.10778981265201641,0.19396813871207946,Pharmacotherapy,Pharmacotherapy,True,True
Q161,Magnesium sulphate pada pasien elderly Preeclampsia apa perlu adjustment,MIXED,1,c59d8b67a8c4,Dosing / Administration,Dosing / Administration,0.282059625969085,Comparative Treatment Choice,0.1402347696015466,0.14182485636753842,Pharmacotherapy,Pharmacotherapy,True,True
Q162,Diazepam contraindication in Febrile Seizure with diabetes,EN,2,88e3032314c8,Safety / Contraindication,Safety / Contraindication,0.17571254647148984,Management / Treatment Selection,0.13150272387950437,0.04420982259198547,Pharmacotherapy,Pharmacotherapy,True,True
Q163,is Amlodipine safe in Acute Coronary Syndrome with obesity,EN,3,f6cb6a4cde79,Safety / Contraindication,Safety / Contraindication,0.21087471897869536,Dosing / Administration,0.1374598270597125,0.07341489191898287,Pharmacotherapy,Pharmacotherapy,True,True
Q165,dosis Escitalopram untuk pasien ADHD,ID,3,6b1965d20a53,Dosing / Administration,Dosing / Administration,0.23577615939833005,Comparative Treatment Choice,0.17063624453889534,0.06513991485943471,Pharmacotherapy,Pharmacotherapy,True,True
Q166,SGLT2 inhibitors role in Chronic Kidney Disease pathophysiology,EN,1,c3bf7815a646,Mechanism / Background Knowledge,Mechanism / Background Knowledge,0.304226980140305,Prophylaxis / Maintenance,0.10477245348243891,0.19945452665786612,New dataset-specific class,New dataset-specific class,True,True
Q167,penggantian Omeprazole ke Lansoprazole pada Peptic Ulcer Disease,ID,5,948b14698d5c,Treatment Change / Escalation,Treatment Change / Escalation,0.23355592243006185,Safety / Contraindication,0.1035300761846576,0.13002584624540425,Management / Treatment,Management / Treatment,True,True
Q169,Basal insulins mechanism of action in Type 1 Diabetes Mellitus,EN,3,5345ee42b4e3,Mechanism / Background Knowledge,Mechanism / Background Knowledge,0.35242363677795513,Safety / Contraindication,0.11237424006411091,0.24004939671384423,New dataset-specific class,New dataset-specific class,True,True
Q170,Magnesium sulphate vs Magnesium sulphate in Preeclampsia patients,EN,4,d6572fa1b039,Comparative Treatment Choice,Comparative Treatment Choice,0.29030914410568565,Dosing / Administration,0.13368225374862786,0.1566268903570578,Pharmacotherapy,Pharmacotherapy,True,True
Q171,Hyperthyroidism prophylaxis Methimazole indication,EN,4,da816ba756d0,Prophylaxis / Maintenance,Prophylaxis / Maintenance,0.37365304267359806,Dosing / Administration,0.08753210342183372,0.28612093925176435,Management / Treatment,Management / Treatment,True,True
Q172,kapan mulai terapi Aspirin pada Stable Angina,ID,2,8a9a544a6533,Management / Treatment Selection,Management / Treatment Selection,0.2579484135995346,Prophylaxis / Maintenance,0.10289063443762696,0.1550577791619076,Management / Treatment,Management / Treatment,True,True
Q175,Warfarin dosing in Atrial Fibrillation with CKD,EN,2,e60e69ebdbe6,Dosing / Administration,Dosing / Administration,0.17366725862047844,Safety / Contraindication,0.1473975104328339,0.026269748187644548,Pharmacotherapy,Pharmacotherapy,True,True
Q177,Bedaquiline long term outcomes Tuberculosis,EN,4,f01dddd287b1,Efficacy / Outcomes,Efficacy / Outcomes,0.49171982128145597,Dosing / Administration,0.07294672955826872,0.4187730917231872,Pharmacotherapy; Epidemiology / Prognosis,Pharmacotherapy; Epidemiology / Prognosis,True,True
Q179,Type 2 Diabetes Mellitus treatment algorithm GLP-1 receptor agonists first line,EN,3,594746dc8026,Management / Treatment Selection,Management / Treatment Selection,0.3131809690197468,Safety / Contraindication,0.10949065826892189,0.2036903107508249,Management / Treatment,Management / Treatment,True,True
Q181,dosis Alteplase untuk pasien Ischaemic Stroke,ID,4,6b1965d20a53,Dosing / Administration,Dosing / Administration,0.2242533858295799,Comparative Treatment Choice,0.16309574215966546,0.06115764366991444,Pharmacotherapy,Pharmacotherapy,True,True
Q183,Hypertension in Pregnancy pediatric dosing Methyldopa,EN,4,d5dfc84007de,Dosing / Administration,Safety / Contraindication,0.17285020030723214,Treatment Change / Escalation,0.14088489766186113,0.03196530264537101,Pharmacotherapy,Pharmacotherapy,False,True
Q184,Proton pump inhibitors mechanism of action in Peptic Ulcer Disease,EN,2,5345ee42b4e3,Mechanism / Background Knowledge,Mechanism / Background Knowledge,0.35694932419763126,Treatment Change / Escalation,0.09086805754260642,0.26608126665502485,New dataset-specific class,New dataset-specific class,True,True
Q185,Isoniazid hepatic impairment dose in Tuberculosis,EN,1,f5b7d27c6f50,Dosing / Administration,Dosing / Administration,0.3795263079268343,Safety / Contraindication,0.09675549714838208,0.28277081077845223,Pharmacotherapy,Pharmacotherapy,True,True
Q186,dosis titrasi Rivaroxaban Deep Vein Thrombosis toleransi pasien,MIXED,1,53cd53b9af09,Dosing / Administration,Dosing / Administration,0.2978163553411658,Safety / Contraindication,0.11443721604962345,0.18337913929154234,Pharmacotherapy,Pharmacotherapy,True,True
Q187,dosis Venlafaxine pada Major Depressive Disorder pasien hypertension aman tidak,MIXED,2,a4a2af11e084,Safety / Contraindication,Safety / Contraindication,0.1504335404233636,Dosing / Administration,0.14834317933581187,0.0020903610875517287,Pharmacotherapy,Pharmacotherapy,True,True
Q188,interaksi obat Zinc dan Vitamin A pada Stunting / Malnutrition,ID,1,afa6fb7e3640,Interaction / Combination,Interaction / Combination,0.22863120415140217,Dosing / Administration,0.12223775555076971,0.10639344860063246,Pharmacotherapy,Pharmacotherapy,True,True
Q189,renal dose adjustment Lansoprazole in Peptic Ulcer Disease,EN,5,cd1052335e0a,Dosing / Administration,Dosing / Administration,0.24663273705586186,Treatment Change / Escalation,0.10527831696389839,0.14135442009196347,Pharmacotherapy,Pharmacotherapy,True,True
Q190,Macrolides mechanism of action in Asthma,EN,5,5345ee42b4e3,Mechanism / Background Knowledge,Mechanism / Background Knowledge,0.4803845582548535,Dosing / Administration,0.07437814144379881,0.40600641681105465,New dataset-specific class,New dataset-specific class,True,True
Q191,Heart Failure dengan renal impairment penyesuaian dosis Bisoprolol,MIXED,2,4d2fa9d142ab,Dosing / Administration,Dosing / Administration,0.41723510289918986,Management / Treatment Selection,0.08869179738504299,0.3285433055141469,Pharmacotherapy,Pharmacotherapy,True,True
Q192,Diabetes Insipidus emergency Desmopressin loading dose berapa,MIXED,5,99a10b7361fd,Dosing / Administration,Dosing / Administration,0.30224531603637833,Management / Treatment Selection,0.1028006054743331,0.1994447105620452,Pharmacotherapy,Pharmacotherapy,True,True
Q193,Obesity dengan obesity pilihan terapi,ID,1,457c0ade038c,Management / Treatment Selection,Management / Treatment Selection,0.20918381604133535,Safety / Contraindication,0.1423588557285685,0.06682496031276686,Management / Treatment,Management / Treatment,True,True
Q194,Chronic Kidney Disease prophylaxis Losartan indication,EN,3,da816ba756d0,Prophylaxis / Maintenance,Prophylaxis / Maintenance,0.2726678840134362,Management / Treatment Selection,0.09648930328804106,0.17617858072539516,Management / Treatment,Management / Treatment,True,True
Q196,Gout risk stratification approach,EN,4,f505cd6343ab,Monitoring / Response / Risk Assessment,Monitoring / Response / Risk Assessment,0.5607236172285655,Dosing / Administration,0.05910472915229846,0.501618888076267,Management / Treatment; Epidemiology / Prognosis,Management / Treatment; Epidemiology / Prognosis,True,True
Q198,Calcium channel blockers new evidence Hypertension 2022,EN,4,2722ee313648,Guideline / Evidence Lookup,Mechanism / Background Knowledge,0.14000084226978032,Dosing / Administration,0.12229765878860416,0.017703183481176166,Evidence / Guideline Lookup,New dataset-specific class,False,False
Q199,Rivaroxaban loading dose Community-acquired Pneumonia emergency,EN,3,ac570d520b1e,Dosing / Administration,Dosing / Administration,0.3172552847542276,Management / Treatment Selection,0.09216238229867052,0.22509290245555708,Pharmacotherapy,Pharmacotherapy,True,True
Q200,Tuberculosis risk stratification approach,EN,1,f505cd6343ab,Monitoring / Response / Risk Assessment,Monitoring / Response / Risk Assessment,0.5541870491891565,Safety / Contraindication,0.05620870158609608,0.4979783476030604,Management / Treatment; Epidemiology / Prognosis,Management / Treatment; Epidemiology / Prognosis,True,True
Q201,interaksi obat Semaglutide dan Liraglutide pada Obesity,ID,5,afa6fb7e3640,Interaction / Combination,Interaction / Combination,0.3109774155267139,Safety / Contraindication,0.120066342121399,0.19091107340531488,Pharmacotherapy,Pharmacotherapy,True,True
Q202,HIV/AIDS with obesity first line drug,EN,3,6b9561c7ac40,Management / Treatment Selection,Management / Treatment Selection,0.35374421298250763,Dosing / Administration,0.10298772096050839,0.25075649202199923,Management / Treatment,Management / Treatment,True,True
Q203,Corticosteroids in pregnancy and Sepsis,EN,5,ed8667a89e88,Safety / Contraindication,Safety / Contraindication,0.3003642090728417,Dosing / Administration,0.10622140486577454,0.1941428042070672,Pharmacotherapy,Pharmacotherapy,True,True
Q204,Iron preparations mechanism untuk Iron Deficiency Anaemia bagaimana cara kerjanya,MIXED,5,97495153da10,Mechanism / Background Knowledge,Mechanism / Background Knowledge,0.31225467502295257,Safety / Contraindication,0.12180643413068952,0.19044824089226303,New dataset-specific class,New dataset-specific class,True,True
Q205,terapi profilaksis Typhoid Fever dengan Artemether-lumefantrine,ID,5,58cb1c8a1f28,Prophylaxis / Maintenance,Prophylaxis / Maintenance,0.14211830939306436,Management / Treatment Selection,0.13420446987653284,0.007913839516531518,Management / Treatment,Management / Treatment,True,True
Q206,Ischaemic Stroke pada anak dosis Aspirin,ID,4,eaced383bf48,Dosing / Administration,Dosing / Administration,0.25181674956654826,Interaction / Combination,0.10686672521653369,0.14495002435001458,Pharmacotherapy,Pharmacotherapy,True,True
Q207,Ramipril combination therapy Hypertension,EN,4,8bc94590f860,Interaction / Combination,Interaction / Combination,0.2586672945773583,Safety / Contraindication,0.10712340913303631,0.151543885444322,Pharmacotherapy,Pharmacotherapy,True,True
Q208,terapi profilaksis Hypertension dengan Ramipril,ID,4,58cb1c8a1f28,Prophylaxis / Maintenance,Prophylaxis / Maintenance,0.20740863904097787,Management / Treatment Selection,0.16169734871723626,0.045711290323741605,Management / Treatment,Management / Treatment,True,True
Q210,switch dari Venlafaxine ke Escitalopram Major Depressive Disorder progresif,MIXED,2,cc7ef385fde1,Treatment Change / Escalation,Treatment Change / Escalation,0.29493323867898114,Comparative Treatment Choice,0.12497697106520621,0.16995626761377491,Management / Treatment,Management / Treatment,True,True
Q211,Tuberculosis dengan atrial fibrillation pilihan terapi,ID,2,e74531be4f90,Management / Treatment Selection,Management / Treatment Selection,0.19860097788557893,Safety / Contraindication,0.16268835348391764,0.03591262440166129,Management / Treatment,Management / Treatment,True,True
Q212,is Salmeterol safe in COPD with anaemia,EN,2,9a9ff48865de,Safety / Contraindication,Safety / Contraindication,0.2821988020424224,Dosing / Administration,0.11252129742096778,0.16967750462145464,Pharmacotherapy,Pharmacotherapy,True,True
Q213,prophylaxis Hypertension Amlodipine kapan bisa dihentikan,MIXED,2,2972fa4e0624,Prophylaxis / Maintenance,Prophylaxis / Maintenance,0.4787407160085429,Management / Treatment Selection,0.0690391524485119,0.409701563560031,Management / Treatment,Management / Treatment,True,True
Q214,Clozapine hepatic impairment dose in Schizophrenia,EN,2,f5b7d27c6f50,Dosing / Administration,Dosing / Administration,0.38568290677625955,Comparative Treatment Choice,0.09197376704192459,0.293709139734335,Pharmacotherapy,Pharmacotherapy,True,True
Q215,Ferrous sulphate drug interaction with Erythropoietin in Iron Deficiency Anaemia,EN,4,478837781f0e,Interaction / Combination,Dosing / Administration,0.14708406821459366,Safety / Contraindication,0.13941907001087006,0.0076649982037236,Pharmacotherapy,Pharmacotherapy,False,True
Q216,Hyperthyroidism guideline update 2024 summary,EN,3,6c58394a9978,Guideline / Evidence Lookup,Guideline / Evidence Lookup,0.4546175955444982,Dosing / Administration,0.07127628379283525,0.38334131175166297,Evidence / Guideline Lookup,Evidence / Guideline Lookup,True,True
Q217,algoritma terapi Heart Failure step up,ID,3,abe2151a12ea,Management / Treatment Selection,Management / Treatment Selection,0.48325597490254296,Dosing / Administration,0.08034329406974881,0.40291268083279413,Management / Treatment,Management / Treatment,True,True
Q218,kapan mulai terapi Methimazole pada Hyperthyroidism,ID,4,8a9a544a6533,Management / Treatment Selection,Management / Treatment Selection,0.2750915971606301,Prophylaxis / Maintenance,0.1113406226715267,0.1637509744891034,Management / Treatment,Management / Treatment,True,True
Q219,Diabetes Insipidus dengan diabetes pilihan drug terbaik,MIXED,2,335d99e17816,Management / Treatment Selection,Management / Treatment Selection,0.20140144115952752,Safety / Contraindication,0.13078013920604886,0.07062130195347865,Management / Treatment,Management / Treatment,True,True
Q220,dosis titrasi Nivolumab Colorectal Cancer toleransi pasien,MIXED,2,53cd53b9af09,Dosing / Administration,Dosing / Administration,0.31131425210066715,Prophylaxis / Maintenance,0.09365406558107511,0.21766018651959204,Pharmacotherapy,Pharmacotherapy,True,True
Q221,Chronic Lymphocytic Leukaemia risk stratification approach,EN,2,f505cd6343ab,Monitoring / Response / Risk Assessment,Monitoring / Response / Risk Assessment,0.42090277234822726,Dosing / Administration,0.0826936630443612,0.33820910930386605,Management / Treatment; Epidemiology / Prognosis,Management / Treatment; Epidemiology / Prognosis,True,True
Q222,MDR Tuberculosis with heart failure first line drug,EN,1,29b7a91acd63,Management / Treatment Selection,Management / Treatment Selection,0.32369011781540324,Dosing / Administration,0.10829117012214402,0.21539894769325924,Management / Treatment,Management / Treatment,True,True
Q223,Rivaroxaban efficacy pada Community-acquired Pneumonia clinical outcome data,MIXED,2,849e00fb468f,Efficacy / Outcomes,Efficacy / Outcomes,0.3673529736140838,Dosing / Administration,0.11405336976067618,0.25329960385340766,Pharmacotherapy; Epidemiology / Prognosis,Pharmacotherapy; Epidemiology / Prognosis,True,True
Q224,Losartan hepatic impairment dose in Hypertension,EN,3,f5b7d27c6f50,Dosing / Administration,Dosing / Administration,0.3701185551264695,Safety / Contraindication,0.09117024376099078,0.2789483113654787,Pharmacotherapy,Pharmacotherapy,True,True
Q226,target Gout sudah tercapai kapan maintenance Secukinumab,MIXED,2,ac8159c853b8,Prophylaxis / Maintenance,Prophylaxis / Maintenance,0.40232775248046143,Management / Treatment Selection,0.09120807819483844,0.311119674285623,Management / Treatment,Management / Treatment,True,True
Q228,is Aspirin safe in Ischaemic Stroke with diabetes,EN,5,03e7d7c45bb9,Safety / Contraindication,Safety / Contraindication,0.19561517113755073,Management / Treatment Selection,0.11420085552764872,0.081414315609902,Pharmacotherapy,Pharmacotherapy,True,True
Q229,Hyperthyroidism treatment algorithm Antithyroid agents first line,EN,1,594746dc8026,Management / Treatment Selection,Management / Treatment Selection,0.30890501548270805,Dosing / Administration,0.09736703803240057,0.21153797745030747,Management / Treatment,Management / Treatment,True,True
Q231,kombinasi Piperacillin-tazobactam dan Norepinephrine pada Sepsis aman atau tidak,MIXED,1,1d1abfbd8194,Interaction / Combination,Interaction / Combination,0.43147003525007693,Safety / Contraindication,0.08750182808227659,0.34396820716780035,Pharmacotherapy,Pharmacotherapy,True,True
Q232,Prednisolone side effect pada pasien Rheumatoid Arthritis apa saja,MIXED,4,28a161bd9f40,Safety / Contraindication,Safety / Contraindication,0.31636877411188136,Dosing / Administration,0.13403969145964809,0.18232908265223327,Pharmacotherapy,Pharmacotherapy,True,True
Q233,kontraindikasi Budesonide pada Asthma dengan COPD,MIXED,2,138d4ede2b0b,Safety / Contraindication,Safety / Contraindication,0.2779734240547021,Treatment Change / Escalation,0.10118306853628001,0.1767903555184221,Pharmacotherapy,Pharmacotherapy,True,True
Q234,PD-1 inhibitors mechanism untuk Non-Small Cell Lung Cancer bagaimana cara kerjanya,MIXED,4,97495153da10,Mechanism / Background Knowledge,Mechanism / Background Knowledge,0.33753092823689984,Comparative Treatment Choice,0.1183778733137491,0.21915305492315074,New dataset-specific class,New dataset-specific class,True,True
Q235,Artemether-lumefantrine vs Artemether-lumefantrine untuk Typhoid Fever,ID,1,e57118fc321d,Comparative Treatment Choice,Comparative Treatment Choice,0.15644249303818575,Dosing / Administration,0.1553997699837597,0.0010427230544260424,Pharmacotherapy,Pharmacotherapy,True,True
Q238,Basal insulins in pregnancy and Type 1 Diabetes Mellitus,EN,2,ed8667a89e88,Safety / Contraindication,Safety / Contraindication,0.24958668155972535,Dosing / Administration,0.10589939959313205,0.1436872819665933,Pharmacotherapy,Pharmacotherapy,True,True
Q239,Ramipril pada pasien elderly Hypertension apa perlu adjustment,MIXED,4,c59d8b67a8c4,Dosing / Administration,Dosing / Administration,0.29344999039349634,Safety / Contraindication,0.15581067029896997,0.13763932009452637,Pharmacotherapy,Pharmacotherapy,True,True
Q241,dosis Dupilumab untuk pasien Psoriasis,ID,3,6b1965d20a53,Dosing / Administration,Dosing / Administration,0.22931453106281272,Comparative Treatment Choice,0.15378062761506603,0.07553390344774669,Pharmacotherapy,Pharmacotherapy,True,True
Q244,Semaglutide vs Liraglutide untuk Obesity,ID,2,e57118fc321d,Comparative Treatment Choice,Comparative Treatment Choice,0.29002222661779253,Safety / Contraindication,0.10606674304063306,0.18395548357715946,Pharmacotherapy,Pharmacotherapy,True,True
Q245,kapan mulai terapi Pembrolizumab pada Non-Small Cell Lung Cancer,ID,5,8a9a544a6533,Management / Treatment Selection,Management / Treatment Selection,0.19466945880650102,Prophylaxis / Maintenance,0.12866137293187196,0.06600808587462906,Management / Treatment,Management / Treatment,True,True
Q247,resistensi Aspirin pada Ischaemic Stroke alternatif Alteplase,ID,4,710c31cca86a,Treatment Change / Escalation,Treatment Change / Escalation,0.21889497316730477,Interaction / Combination,0.10606066147408763,0.11283431169321714,Management / Treatment,Management / Treatment,True,True
Q249,Sitagliptin pada pasien elderly Type 2 Diabetes Mellitus apa perlu adjustment,MIXED,4,c59d8b67a8c4,Dosing / Administration,Dosing / Administration,0.2785451871967747,Safety / Contraindication,0.1708647499339771,0.10768043726279758,Pharmacotherapy,Pharmacotherapy,True,True
Q250,efek samping Vitamin K antagonists pada Atrial Fibrillation,ID,4,fb20690b2e7d,Safety / Contraindication,Safety / Contraindication,0.17421796350610758,Dosing / Administration,0.14674733817276378,0.027470625333343796,Pharmacotherapy,Pharmacotherapy,True,True
Q251,Bipolar Disorder risk stratification approach,EN,2,f505cd6343ab,Monitoring / Response / Risk Assessment,Monitoring / Response / Risk Assessment,0.48561338194434095,Safety / Contraindication,0.0688503118300214,0.41676307011431957,Management / Treatment; Epidemiology / Prognosis,Management / Treatment; Epidemiology / Prognosis,True,True
Q253,Imatinib side effect pada pasien Chronic Myeloid Leukaemia apa saja,MIXED,4,28a161bd9f40,Safety / Contraindication,Safety / Contraindication,0.3552851207296569,Dosing / Administration,0.11220152262354273,0.24308359810611418,Pharmacotherapy,Pharmacotherapy,True,True
Q254,NRTIs combination role in Urinary Tract Infection pathophysiology,EN,2,c3bf7815a646,Mechanism / Background Knowledge,Mechanism / Background Knowledge,0.3098570803128951,Interaction / Combination,0.13719571972069333,0.17266136059220177,New dataset-specific class,New dataset-specific class,True,True
Q256,Antituberculotics role in MDR Tuberculosis pathophysiology,EN,4,c3bf7815a646,Mechanism / Background Knowledge,Mechanism / Background Knowledge,0.28356516483381045,Dosing / Administration,0.10868774372355705,0.1748774211102534,New dataset-specific class,New dataset-specific class,True,True
Q258,when to start Alteplase in Ischaemic Stroke,EN,5,13d11e4b4b23,Management / Treatment Selection,Management / Treatment Selection,0.2293819952201914,Dosing / Administration,0.10771406384886784,0.12166793137132356,Management / Treatment,Management / Treatment,True,True
Q260,terapi profilaksis Schizophrenia dengan Risperidone,ID,3,58cb1c8a1f28,Prophylaxis / Maintenance,Prophylaxis / Maintenance,0.22728371618705528,Management / Treatment Selection,0.14197708713271742,0.08530662905433786,Management / Treatment,Management / Treatment,True,True
Q261,Penicillins role in HIV/AIDS pathophysiology,EN,4,c3bf7815a646,Mechanism / Background Knowledge,Mechanism / Background Knowledge,0.23866154002524442,Dosing / Administration,0.11475296703125171,0.12390857299399272,New dataset-specific class,New dataset-specific class,True,True
Q262,kombinasi Piperacillin-tazobactam dan Meropenem pada Sepsis aman atau tidak,MIXED,3,1d1abfbd8194,Interaction / Combination,Interaction / Combination,0.3665144173409471,Safety / Contraindication,0.09813106665426598,0.2683833506866811,Pharmacotherapy,Pharmacotherapy,True,True
Q263,titration protocol Levothyroxine in Hypothyroidism,EN,5,94c522035a7e,Dosing / Administration,Dosing / Administration,0.22412951768781975,Safety / Contraindication,0.10248273703075286,0.12164678065706688,Pharmacotherapy,Pharmacotherapy,True,True
Q264,dosis Levothyroxine untuk pasien Hypothyroidism,ID,5,6b1965d20a53,Dosing / Administration,Dosing / Administration,0.24369890974672231,Comparative Treatment Choice,0.14613602675434872,0.09756288299237359,Pharmacotherapy,Pharmacotherapy,True,True
Q265,renal dose adjustment Allopurinol in Psoriatic Arthritis,EN,2,cd1052335e0a,Dosing / Administration,Dosing / Administration,0.27883143230546037,Comparative Treatment Choice,0.10657109300815798,0.1722603392973024,Pharmacotherapy,Pharmacotherapy,True,True
Q267,Adalimumab side effect pada pasien Gout apa saja,MIXED,1,28a161bd9f40,Safety / Contraindication,Safety / Contraindication,0.3942565703706085,Dosing / Administration,0.11445078575506093,0.2798057846155476,Pharmacotherapy,Pharmacotherapy,True,True
Q268,Beta blockers non-selective mechanism of action in Hypertension in Pregnancy,EN,1,5345ee42b4e3,Mechanism / Background Knowledge,Mechanism / Background Knowledge,0.3765909803680335,Safety / Contraindication,0.10287830858903751,0.273712671778996,New dataset-specific class,New dataset-specific class,True,True
Q269,Sertraline efficacy pada Major Depressive Disorder clinical outcome data,MIXED,1,849e00fb468f,Efficacy / Outcomes,Efficacy / Outcomes,0.36961413338756527,Treatment Change / Escalation,0.10020678533360837,0.2694073480539569,Pharmacotherapy; Epidemiology / Prognosis,Pharmacotherapy; Epidemiology / Prognosis,True,True
Q270,Bedaquiline pada pasien elderly MDR Tuberculosis apa perlu adjustment,MIXED,1,c59d8b67a8c4,Dosing / Administration,Dosing / Administration,0.2868011109833044,Safety / Contraindication,0.14370031841819447,0.14310079256510994,Pharmacotherapy,Pharmacotherapy,True,True
Q271,switch dari Alteplase ke Aspirin Ischaemic Stroke progresif,MIXED,1,cc7ef385fde1,Treatment Change / Escalation,Treatment Change / Escalation,0.4240813982721206,Management / Treatment Selection,0.08250008892563247,0.3415813093464881,Management / Treatment,Management / Treatment,True,True
Q272,CNS stimulants role in Breast Cancer HER2-positive pathophysiology,EN,4,c3bf7815a646,Mechanism / Background Knowledge,Mechanism / Background Knowledge,0.20635270699017982,Dosing / Administration,0.1269773273673822,0.07937537962279761,New dataset-specific class,New dataset-specific class,True,True
Q274,resistensi Alendronate pada Osteoporosis alternatif Alendronate,ID,1,710c31cca86a,Treatment Change / Escalation,Treatment Change / Escalation,0.19612276537356363,Dosing / Administration,0.1599581475982828,0.03616461777528082,Management / Treatment,Management / Treatment,True,True
Q275,obat MDR Tuberculosis lini pertama Antituberculotics,ID,5,441ae74c04a7,Management / Treatment Selection,Management / Treatment Selection,0.19409371867769554,Dosing / Administration,0.10866133004475201,0.08543238863294353,Management / Treatment,Management / Treatment,True,True
Q277,Amoxicillin hepatic impairment dose in HIV/AIDS,EN,4,f5b7d27c6f50,Dosing / Administration,Dosing / Administration,0.36080707219410063,Safety / Contraindication,0.10368512144116737,0.25712195075293326,Pharmacotherapy,Pharmacotherapy,True,True
Q279,prophylaxis MDR Tuberculosis Bedaquiline kapan bisa dihentikan,MIXED,1,2972fa4e0624,Prophylaxis / Maintenance,Prophylaxis / Maintenance,0.46259678241699825,Management / Treatment Selection,0.07589043906888454,0.3867063433481137,Management / Treatment,Management / Treatment,True,True
Q280,algoritma terapi Malaria step up,ID,4,abe2151a12ea,Management / Treatment Selection,Management / Treatment Selection,0.5129775891930507,Dosing / Administration,0.06964942942962392,0.44332815976342677,Management / Treatment,Management / Treatment,True,True
Q281,NRTIs combination mechanism of action in Urinary Tract Infection,EN,1,5345ee42b4e3,Mechanism / Background Knowledge,Mechanism / Background Knowledge,0.3919140798507448,Interaction / Combination,0.1141522886996042,0.2777617911511406,New dataset-specific class,New dataset-specific class,True,True
Q285,Olanzapine vs Lithium in Bipolar Disorder patients,EN,4,d6572fa1b039,Comparative Treatment Choice,Comparative Treatment Choice,0.26068844052303636,Safety / Contraindication,0.13961760944663656,0.12107083107639979,Pharmacotherapy,Pharmacotherapy,True,True
Q286,prophylaxis Urinary Tract Infection Tenofovir+Lamivudine kapan bisa dihentikan,MIXED,2,2972fa4e0624,Prophylaxis / Maintenance,Prophylaxis / Maintenance,0.39400968108731727,Interaction / Combination,0.12254172513947348,0.2714679559478438,Management / Treatment,Management / Treatment,True,True
Q289,Apixaban pada ibu hamil dengan Deep Vein Thrombosis,ID,4,8d3aa2c8633c,Safety / Contraindication,Safety / Contraindication,0.23758829505132623,Treatment Change / Escalation,0.11567922726571891,0.12190906778560731,Pharmacotherapy,Pharmacotherapy,True,True
Q291,Peptic Ulcer Disease dengan hypertension pilihan terapi,ID,3,04036e1561be,Management / Treatment Selection,Management / Treatment Selection,0.19643232635425928,Prophylaxis / Maintenance,0.13526971172063215,0.06116261463362713,Management / Treatment,Management / Treatment,True,True
Q292,Amoxicillin vs Amoxicillin efficacy in HIV/AIDS,EN,2,69ffe19b306b,Comparative Treatment Choice,Comparative Treatment Choice,0.19386659721290214,Dosing / Administration,0.13300064759264693,0.06086594962025521,Pharmacotherapy,Pharmacotherapy,True,True
Q293,resistensi Prednisolone pada Asthma alternatif Azithromycin,ID,3,710c31cca86a,Treatment Change / Escalation,Treatment Change / Escalation,0.23238685054601305,Safety / Contraindication,0.1259091401859266,0.10647771036008644,Management / Treatment,Management / Treatment,True,True
Q294,dosis titrasi Levothyroxine Hyperthyroidism toleransi pasien,MIXED,3,53cd53b9af09,Dosing / Administration,Dosing / Administration,0.3133816066520657,Safety / Contraindication,0.0967640404839822,0.21661756616808353,Pharmacotherapy,Pharmacotherapy,True,True
Q296,resistensi Bedaquiline pada Tuberculosis alternatif Rifampicin,ID,1,710c31cca86a,Treatment Change / Escalation,Treatment Change / Escalation,0.20405357775430705,Safety / Contraindication,0.1680274410240934,0.036026136730213654,Management / Treatment,Management / Treatment,True,True
Q297,Colorectal Cancer with COPD first line drug,EN,2,91afbce0a2ff,Management / Treatment Selection,Management / Treatment Selection,0.31191823292649856,Safety / Contraindication,0.09682021121819603,0.21509802170830253,Management / Treatment,Management / Treatment,True,True
Q298,penggantian Apixaban ke Rivaroxaban pada Deep Vein Thrombosis,ID,3,948b14698d5c,Treatment Change / Escalation,Treatment Change / Escalation,0.1526501957751887,Safety / Contraindication,0.14318929519815157,0.009460900577037135,Management / Treatment,Management / Treatment,True,True
Q299,Zinc hepatic impairment dose in Stunting / Malnutrition,EN,3,f5b7d27c6f50,Dosing / Administration,Dosing / Administration,0.34246873830341074,Safety / Contraindication,0.1086761002957791,0.23379263800763164,Pharmacotherapy,Pharmacotherapy,True,True
Q300,dosis Apixaban pada Community-acquired Pneumonia pasien CKD aman tidak,MIXED,2,855581402132,Safety / Contraindication,Dosing / Administration,0.20962698657441675,Safety / Contraindication,0.14230737883540168,0.06731960773901507,Pharmacotherapy,Pharmacotherapy,False,True
Q302,dosis titrasi Topiramate Migraine toleransi pasien,MIXED,3,53cd53b9af09,Dosing / Administration,Dosing / Administration,0.3333263527937846,Safety / Contraindication,0.0953981053704448,0.2379282474233398,Pharmacotherapy,Pharmacotherapy,True,True
Q303,Parkinson Disease treatment algorithm Dopaminergic agents first line,EN,1,594746dc8026,Management / Treatment Selection,Management / Treatment Selection,0.3273704185935089,Dosing / Administration,0.09537315712047978,0.23199726147302913,Management / Treatment,Management / Treatment,True,True
Q304,target Major Depressive Disorder sudah tercapai kapan maintenance Venlafaxine,MIXED,1,ac8159c853b8,Prophylaxis / Maintenance,Prophylaxis / Maintenance,0.32649687196529703,Comparative Treatment Choice,0.09940003726374652,0.2270968347015505,Management / Treatment,Management / Treatment,True,True
Q305,when to start Diazepam in Febrile Seizure,EN,1,13d11e4b4b23,Management / Treatment Selection,Management / Treatment Selection,0.23728517253037332,Safety / Contraindication,0.12280462522812477,0.11448054730224855,Management / Treatment,Management / Treatment,True,True
Q306,Tenofovir+Lamivudine combination therapy Urinary Tract Infection,EN,5,8bc94590f860,Interaction / Combination,Interaction / Combination,0.27379661913292586,Dosing / Administration,0.1016095182510809,0.17218710088184497,Pharmacotherapy,Pharmacotherapy,True,True
Q307,Fluoroquinolones in pregnancy and HIV/AIDS,EN,5,ed8667a89e88,Safety / Contraindication,Safety / Contraindication,0.2819325096415096,Management / Treatment Selection,0.11179389755755956,0.17013861208395006,Pharmacotherapy,Pharmacotherapy,True,True
Q309,Bedaquiline long term outcomes MDR Tuberculosis,EN,2,f01dddd287b1,Efficacy / Outcomes,Efficacy / Outcomes,0.4693427063657851,Dosing / Administration,0.0763160017933085,0.3930267045724766,Pharmacotherapy; Epidemiology / Prognosis,Pharmacotherapy; Epidemiology / Prognosis,True,True
Q310,target terapi Rheumatoid Arthritis dengan Proteasome inhibitors,ID,5,cd0c51cd0be8,Management / Treatment Selection,Management / Treatment Selection,0.1787802551829459,Dosing / Administration,0.12376989221295429,0.05501036296999162,Management / Treatment,Management / Treatment,True,True
Q312,Tuberculosis prophylaxis Isoniazid indication,EN,2,da816ba756d0,Prophylaxis / Maintenance,Prophylaxis / Maintenance,0.36837508567118316,Dosing / Administration,0.09144644930856777,0.2769286363626154,Management / Treatment,Management / Treatment,True,True
Q314,switch dari Rifampicin ke Isoniazid Tuberculosis progresif,MIXED,5,cc7ef385fde1,Treatment Change / Escalation,Treatment Change / Escalation,0.43594973937697984,Dosing / Administration,0.0790935825458065,0.35685615683117333,Management / Treatment,Management / Treatment,True,True
Q316,Lansoprazole vs Omeprazole untuk pasien Peptic Ulcer Disease mana lebih efektif,MIXED,4,3fde7b2fc12a,Comparative Treatment Choice,Comparative Treatment Choice,0.3517131232298629,Dosing / Administration,0.11279640143932859,0.23891672179053433,Pharmacotherapy,Pharmacotherapy,True,True
Q317,Methylphenidate efficacy pada Breast Cancer HER2-positive clinical outcome data,MIXED,1,849e00fb468f,Efficacy / Outcomes,Efficacy / Outcomes,0.31098574353086456,Comparative Treatment Choice,0.10997668678639112,0.20100905674447345,Pharmacotherapy; Epidemiology / Prognosis,Pharmacotherapy; Epidemiology / Prognosis,True,True
Q318,Venlafaxine vs Escitalopram efficacy in Major Depressive Disorder,EN,5,69ffe19b306b,Comparative Treatment Choice,Comparative Treatment Choice,0.18836909512963276,Treatment Change / Escalation,0.12327411317374647,0.0650949819558863,Pharmacotherapy,Pharmacotherapy,True,True
Q319,dosis titrasi Adalimumab Gout toleransi pasien,MIXED,2,53cd53b9af09,Dosing / Administration,Dosing / Administration,0.38356369990783523,Safety / Contraindication,0.09215209032800305,0.2914116095798322,Pharmacotherapy,Pharmacotherapy,True,True
Q320,is Bedaquiline safe in Tuberculosis with hepatic impairment,EN,5,afd8e228f72c,Safety / Contraindication,Dosing / Administration,0.2275055986230317,Safety / Contraindication,0.20309084298003077,0.02441475564300094,Pharmacotherapy,Pharmacotherapy,False,True
Q321,Escitalopram drug interaction with Sertraline in ADHD,EN,1,478837781f0e,Interaction / Combination,Interaction / Combination,0.1815840162262096,Management / Treatment Selection,0.14630370514269012,0.03528031108351948,Pharmacotherapy,Pharmacotherapy,True,True
Q322,Dolutegravir hepatic impairment dose in Malaria,EN,3,f5b7d27c6f50,Dosing / Administration,Dosing / Administration,0.3670763214966956,Interaction / Combination,0.08449083132409473,0.2825854901726009,Pharmacotherapy,Pharmacotherapy,True,True
Q323,efek samping Inhaled corticosteroids pada Asthma,ID,3,fb20690b2e7d,Safety / Contraindication,Safety / Contraindication,0.1779845270469284,Dosing / Administration,0.1230183439674607,0.05496618307946771,Pharmacotherapy,Pharmacotherapy,True,True
Q325,target Systemic Lupus Erythematosus sudah tercapai kapan maintenance Adalimumab,MIXED,2,ac8159c853b8,Prophylaxis / Maintenance,Prophylaxis / Maintenance,0.3883190944954863,Dosing / Administration,0.10462357167532488,0.2836955228201614,Management / Treatment,Management / Treatment,True,True
Q326,titration protocol Ferrous sulphate in Iron Deficiency Anaemia,EN,1,94c522035a7e,Dosing / Administration,Dosing / Administration,0.18998963404644684,Safety / Contraindication,0.12822356939376445,0.06176606465268239,Pharmacotherapy,Pharmacotherapy,True,True
Q327,kombinasi Desmopressin dan Desmopressin pada Diabetes Insipidus aman atau tidak,MIXED,3,1d1abfbd8194,Interaction / Combination,Interaction / Combination,0.2317341888271411,Safety / Contraindication,0.12077747258104803,0.11095671624609309,Pharmacotherapy,Pharmacotherapy,True,True
Q328,kombinasi Piperacillin-tazobactam dan Hydrocortisone pada Sepsis aman atau tidak,MIXED,2,1d1abfbd8194,Interaction / Combination,Interaction / Combination,0.4376126694252917,Safety / Contraindication,0.08475711236284804,0.35285555706244365,Pharmacotherapy,Pharmacotherapy,True,True
Q329,algoritma terapi Major Depressive Disorder step up,ID,2,abe2151a12ea,Management / Treatment Selection,Management / Treatment Selection,0.3613612986484194,Comparative Treatment Choice,0.10259617857782144,0.258765120070598,Management / Treatment,Management / Treatment,True,True
Q330,Lithium side effect pada pasien Bipolar Disorder apa saja,MIXED,5,28a161bd9f40,Safety / Contraindication,Safety / Contraindication,0.3325498125183859,Dosing / Administration,0.11260349612513271,0.21994631639325318,Pharmacotherapy,Pharmacotherapy,True,True
Q331,Osteoporosis dengan renal impairment penyesuaian dosis Alendronate,MIXED,4,4d2fa9d142ab,Dosing / Administration,Dosing / Administration,0.4382014963125765,Safety / Contraindication,0.08421722328040121,0.3539842730321753,Pharmacotherapy,Pharmacotherapy,True,True
Q332,kapan mulai terapi Desmopressin pada Diabetes Insipidus,ID,1,8a9a544a6533,Management / Treatment Selection,Management / Treatment Selection,0.2636545219911523,Treatment Change / Escalation,0.11808285853803106,0.14557166345312123,Management / Treatment,Management / Treatment,True,True
Q334,Community-acquired Pneumonia prophylaxis Apixaban indication,EN,4,da816ba756d0,Prophylaxis / Maintenance,Prophylaxis / Maintenance,0.22072028849437766,Dosing / Administration,0.12253929469016307,0.09818099380421459,Management / Treatment,Management / Treatment,True,True
Q335,Metronidazole vs Omeprazole untuk pasien Pulmonary Embolism mana lebih efektif,MIXED,2,3fde7b2fc12a,Comparative Treatment Choice,Comparative Treatment Choice,0.43741153627533785,Dosing / Administration,0.09808321525659429,0.33932832101874355,Pharmacotherapy,Pharmacotherapy,True,True
Q336,Lithium contraindication in Bipolar Disorder with anaemia,EN,1,0ba360344167,Safety / Contraindication,Safety / Contraindication,0.19833208559844073,Comparative Treatment Choice,0.12087598561705551,0.07745609998138522,Pharmacotherapy,Pharmacotherapy,True,True
Q337,Chronic Kidney Disease with immunocompromised first line drug,EN,4,51728742c020,Management / Treatment Selection,Management / Treatment Selection,0.32642676009137706,Interaction / Combination,0.0890142812946754,0.23741247879670166,Management / Treatment,Management / Treatment,True,True
Q338,Metronidazole vs Metronidazole in Inflammatory Bowel Disease patients,EN,2,d6572fa1b039,Comparative Treatment Choice,Comparative Treatment Choice,0.3004760663213402,Dosing / Administration,0.09985363907850497,0.20062242724283524,Pharmacotherapy,Pharmacotherapy,True,True
Q339,Clozapine vs Clozapine in Schizophrenia patients,EN,3,d6572fa1b039,Comparative Treatment Choice,Comparative Treatment Choice,0.22851299542401907,Dosing / Administration,0.12820150849601156,0.10031148692800751,Pharmacotherapy,Pharmacotherapy,True,True
Q342,dosis titrasi Vancomycin Sepsis toleransi pasien,MIXED,3,53cd53b9af09,Dosing / Administration,Dosing / Administration,0.2989455068534781,Safety / Contraindication,0.09764644927795067,0.2012990575755274,Pharmacotherapy,Pharmacotherapy,True,True
Q343,obat HIV/AIDS lini pertama Penicillins,ID,2,441ae74c04a7,Management / Treatment Selection,Management / Treatment Selection,0.18141150471443848,Dosing / Administration,0.1186476635739697,0.06276384114046878,Management / Treatment,Management / Treatment,True,True
Q346,Chronic Kidney Disease dengan renal impairment penyesuaian dosis Losartan,MIXED,1,4d2fa9d142ab,Dosing / Administration,Dosing / Administration,0.2702418401919422,Prophylaxis / Maintenance,0.12676240708954684,0.14347943310239536,Pharmacotherapy,Pharmacotherapy,True,True
Q347,Prednisolone hepatic impairment dose in Rheumatoid Arthritis,EN,1,f5b7d27c6f50,Dosing / Administration,Dosing / Administration,0.36167287253575686,Safety / Contraindication,0.08936170107441363,0.2723111714613432,Pharmacotherapy,Pharmacotherapy,True,True
Q348,Ramipril side effect pada pasien Hypertension apa saja,MIXED,5,28a161bd9f40,Safety / Contraindication,Safety / Contraindication,0.3418205153703553,Dosing / Administration,0.11908232769200902,0.22273818767834627,Pharmacotherapy,Pharmacotherapy,True,True
Q349,dosis Liraglutide untuk pasien Obesity,ID,2,6b1965d20a53,Dosing / Administration,Dosing / Administration,0.2717761806972384,Comparative Treatment Choice,0.13358316116944108,0.13819301952779733,Pharmacotherapy,Pharmacotherapy,True,True
Q350,Valproate resistance in Epilepsy alternative therapy,EN,4,972b8cd8de38,Treatment Change / Escalation,Treatment Change / Escalation,0.23428868656367163,Dosing / Administration,0.1152269747555423,0.11906171180812933,Management / Treatment,Management / Treatment,True,True
Q351,dosis Rifampicin pada Tuberculosis pasien pregnancy aman tidak,MIXED,5,aa8770c5d11a,Safety / Contraindication,Safety / Contraindication,0.2414103240734673,Dosing / Administration,0.1475357723939761,0.09387455167949119,Pharmacotherapy,Pharmacotherapy,True,True
Q353,Nivolumab efficacy pada Non-Small Cell Lung Cancer clinical outcome data,MIXED,3,849e00fb468f,Efficacy / Outcomes,Efficacy / Outcomes,0.3637439079122445,Safety / Contraindication,0.09862756314588832,0.26511634476635615,Pharmacotherapy; Epidemiology / Prognosis,Pharmacotherapy; Epidemiology / Prognosis,True,True
Q355,terapi profilaksis Chronic Kidney Disease dengan Empagliflozin,ID,4,58cb1c8a1f28,Prophylaxis / Maintenance,Prophylaxis / Maintenance,0.17737725492723266,Management / Treatment Selection,0.15530970498139848,0.02206754994583418,Management / Treatment,Management / Treatment,True,True
Q356,apakah Dapagliflozin aman untuk Chronic Kidney Disease dengan pregnancy,ID,4,32af9b86a5cd,Safety / Contraindication,Safety / Contraindication,0.16030383826372582,Management / Treatment Selection,0.12059370570719807,0.03971013255652775,Pharmacotherapy,Pharmacotherapy,True,True
Q357,Pembrolizumab long term outcomes Non-Small Cell Lung Cancer,EN,4,f01dddd287b1,Efficacy / Outcomes,Efficacy / Outcomes,0.3836418637961846,Comparative Treatment Choice,0.10871912072810672,0.27492274306807785,Pharmacotherapy; Epidemiology / Prognosis,Pharmacotherapy; Epidemiology / Prognosis,True,True
Q358,Methylphenidate loading dose Breast Cancer HER2-positive emergency,EN,1,ac570d520b1e,Dosing / Administration,Dosing / Administration,0.2625475316296726,Comparative Treatment Choice,0.11788712985945432,0.14466040177021827,Pharmacotherapy,Pharmacotherapy,True,True
Q359,dosis Adalimumab untuk pasien Systemic Lupus Erythematosus,ID,5,6b1965d20a53,Dosing / Administration,Dosing / Administration,0.18904284750328346,Prophylaxis / Maintenance,0.12449443166559226,0.06454841583769119,Pharmacotherapy,Pharmacotherapy,True,True
Q360,is Semaglutide safe in Obesity with elderly patients,EN,2,410a928aa6e8,Safety / Contraindication,Safety / Contraindication,0.21640961534408265,Dosing / Administration,0.11561528164987045,0.1007943336942122,Pharmacotherapy,Pharmacotherapy,True,True
Q363,target Type 2 Diabetes Mellitus sudah tercapai kapan maintenance Liraglutide,MIXED,1,ac8159c853b8,Prophylaxis / Maintenance,Prophylaxis / Maintenance,0.33463940391639935,Safety / Contraindication,0.10758239284890331,0.22705701106749604,Management / Treatment,Management / Treatment,True,True
Q365,Antimalarials in pregnancy and Typhoid Fever,EN,5,ed8667a89e88,Safety / Contraindication,Safety / Contraindication,0.2994177058512019,Dosing / Administration,0.1068776869958605,0.19254001885534142,Pharmacotherapy,Pharmacotherapy,True,True
Q366,Venlafaxine long term outcomes Major Depressive Disorder,EN,3,f01dddd287b1,Efficacy / Outcomes,Efficacy / Outcomes,0.46050840119864284,Comparative Treatment Choice,0.08572560509592322,0.3747827961027196,Pharmacotherapy; Epidemiology / Prognosis,Pharmacotherapy; Epidemiology / Prognosis,True,True
Q367,ARBs in pregnancy and Hypertension,EN,3,ed8667a89e88,Safety / Contraindication,Safety / Contraindication,0.3268796574426142,Treatment Change / Escalation,0.0938679938131203,0.2330116636294939,Pharmacotherapy,Pharmacotherapy,True,True
Q369,Nivolumab vs Pembrolizumab untuk Non-Small Cell Lung Cancer,ID,3,e57118fc321d,Comparative Treatment Choice,Comparative Treatment Choice,0.2226297466899323,Safety / Contraindication,0.11484045464324084,0.10778929204669145,Pharmacotherapy,Pharmacotherapy,True,True
Q370,obat Rheumatoid Arthritis lini pertama Antimalarials,ID,3,441ae74c04a7,Management / Treatment Selection,Management / Treatment Selection,0.20635847229804896,Interaction / Combination,0.11966529910372561,0.08669317319432335,Management / Treatment,Management / Treatment,True,True
Q374,kontraindikasi Ramipril pada Hypertension dengan diabetes,MIXED,1,2b516a5fd267,Safety / Contraindication,Safety / Contraindication,0.2072421785369173,Dosing / Administration,0.11078330342265369,0.0964588751142636,Pharmacotherapy,Pharmacotherapy,True,True
Q375,Tuberculosis pada anak dosis Bedaquiline,ID,1,eaced383bf48,Dosing / Administration,Dosing / Administration,0.2847851602056875,Safety / Contraindication,0.12484398334065314,0.15994117686503437,Pharmacotherapy,Pharmacotherapy,True,True
Q376,Antimalarials role in Typhoid Fever pathophysiology,EN,5,c3bf7815a646,Mechanism / Background Knowledge,Mechanism / Background Knowledge,0.293536536870294,Dosing / Administration,0.10911889277679067,0.18441764409350336,New dataset-specific class,New dataset-specific class,True,True
Q380,Type 2 Diabetes Mellitus dengan renal impairment penyesuaian dosis Liraglutide,MIXED,1,4d2fa9d142ab,Dosing / Administration,Dosing / Administration,0.2945728125295381,Safety / Contraindication,0.14137909600771614,0.15319371652182195,Pharmacotherapy,Pharmacotherapy,True,True
Q381,renal dose adjustment Artemether-lumefantrine in Typhoid Fever,EN,3,cd1052335e0a,Dosing / Administration,Dosing / Administration,0.3068809815521238,Safety / Contraindication,0.09772945711693508,0.2091515244351887,Pharmacotherapy,Pharmacotherapy,True,True
Q382,when to start Methylphenidate in Breast Cancer HER2-positive,EN,5,13d11e4b4b23,Management / Treatment Selection,Management / Treatment Selection,0.1752877557677096,Dosing / Administration,0.12845960590368333,0.04682814986402628,Management / Treatment,Management / Treatment,True,True
Q384,Iron preparations in pregnancy and Iron Deficiency Anaemia,EN,4,ed8667a89e88,Safety / Contraindication,Safety / Contraindication,0.2624716183210541,Dosing / Administration,0.11812811350414415,0.14434350481690994,Pharmacotherapy,Pharmacotherapy,True,True
Q385,terapi profilaksis Tuberculosis dengan Isoniazid,ID,5,58cb1c8a1f28,Prophylaxis / Maintenance,Prophylaxis / Maintenance,0.20942355949396668,Management / Treatment Selection,0.16190855338440097,0.047515006109565716,Management / Treatment,Management / Treatment,True,True
Q386,Zinc side effect pada pasien Stunting / Malnutrition apa saja,MIXED,1,28a161bd9f40,Safety / Contraindication,Safety / Contraindication,0.34168168276496536,Dosing / Administration,0.1347481779862108,0.20693350477875455,Pharmacotherapy,Pharmacotherapy,True,True
Q388,Magnesium role in Preeclampsia pathophysiology,EN,1,c3bf7815a646,Mechanism / Background Knowledge,Mechanism / Background Knowledge,0.3068251971227234,Comparative Treatment Choice,0.12587151731862375,0.18095367980409963,New dataset-specific class,New dataset-specific class,True,True
Q389,algoritma terapi Pulmonary Embolism step up,ID,5,abe2151a12ea,Management / Treatment Selection,Management / Treatment Selection,0.38397479207962326,Comparative Treatment Choice,0.09737825143446752,0.2865965406451557,Management / Treatment,Management / Treatment,True,True
Q391,when to start Secukinumab in Disseminated Intravascular Coagulation,EN,3,13d11e4b4b23,Management / Treatment Selection,Management / Treatment Selection,0.2210998103846453,Dosing / Administration,0.1493885400687458,0.0717112703158995,Management / Treatment,Management / Treatment,True,True
Q395,Vitamin A hepatic impairment dose in Stunting / Malnutrition,EN,4,f5b7d27c6f50,Dosing / Administration,Dosing / Administration,0.3419344509711095,Safety / Contraindication,0.11917221438912325,0.2227622365819863,Pharmacotherapy,Pharmacotherapy,True,True
Q397,Malaria risk stratification approach,EN,1,f505cd6343ab,Monitoring / Response / Risk Assessment,Monitoring / Response / Risk Assessment,0.5464069868480887,Dosing / Administration,0.06377105706280649,0.48263592978528225,Management / Treatment; Epidemiology / Prognosis,Management / Treatment; Epidemiology / Prognosis,True,True
Q399,Beta blockers selective mechanism untuk Atrial Fibrillation bagaimana cara kerjanya,MIXED,2,97495153da10,Mechanism / Background Knowledge,Mechanism / Background Knowledge,0.3429219716116949,Dosing / Administration,0.09582580905153402,0.24709616256016087,New dataset-specific class,New dataset-specific class,True,True
Q400,COPD pada anak dosis Salmeterol,ID,5,eaced383bf48,Dosing / Administration,Dosing / Administration,0.2690093189422271,Safety / Contraindication,0.13973992849777458,0.12926939044445254,Pharmacotherapy,Pharmacotherapy,True,True
Q401,when to start Bisoprolol in Heart Failure,EN,4,13d11e4b4b23,Management / Treatment Selection,Management / Treatment Selection,0.27924763608749886,Dosing / Administration,0.14159972801538,0.13764790807211885,Management / Treatment,Management / Treatment,True,True
Q402,target Obesity sudah tercapai kapan maintenance Semaglutide,MIXED,4,ac8159c853b8,Prophylaxis / Maintenance,Prophylaxis / Maintenance,0.39938504391900337,Safety / Contraindication,0.08431151596768456,0.3150735279513188,Management / Treatment,Management / Treatment,True,True
Q403,interaksi obat Artemether-lumefantrine dan Artemether-lumefantrine pada Typhoid Fever,ID,3,afa6fb7e3640,Interaction / Combination,Interaction / Combination,0.20838167004803376,Dosing / Administration,0.12173387904184907,0.0866477910061847,Pharmacotherapy,Pharmacotherapy,True,True
Q404,Omeprazole loading dose Peptic Ulcer Disease emergency,EN,3,ac570d520b1e,Dosing / Administration,Dosing / Administration,0.24611054907869198,Treatment Change / Escalation,0.10293866953618899,0.143171879542503,Pharmacotherapy,Pharmacotherapy,True,True
Q405,algoritma terapi Parkinson Disease step up,ID,2,abe2151a12ea,Management / Treatment Selection,Management / Treatment Selection,0.4316733384486078,Dosing / Administration,0.07397262830717088,0.3577007101414369,Management / Treatment,Management / Treatment,True,True
Q406,Ischaemic Stroke with pregnancy first line drug,EN,4,cc5ac64caac5,Management / Treatment Selection,Management / Treatment Selection,0.3045083860113546,Safety / Contraindication,0.11363625492986548,0.19087213108148912,Management / Treatment,Management / Treatment,True,True
Q407,Breast Cancer HER2-positive pada anak dosis Methylphenidate,ID,2,eaced383bf48,Dosing / Administration,Dosing / Administration,0.2355762052117371,Comparative Treatment Choice,0.10831878555778456,0.12725741965395254,Pharmacotherapy,Pharmacotherapy,True,True
Q408,prophylaxis COPD Salmeterol kapan bisa dihentikan,MIXED,5,2972fa4e0624,Prophylaxis / Maintenance,Prophylaxis / Maintenance,0.4482749310937912,Safety / Contraindication,0.0817056575753838,0.3665692735184074,Management / Treatment,Management / Treatment,True,True
Q409,Spironolactone dosing in Heart Failure with obesity,EN,4,c071d979dfc4,Dosing / Administration,Dosing / Administration,0.19970846659661276,Safety / Contraindication,0.13917215660035828,0.06053630999625448,Pharmacotherapy,Pharmacotherapy,True,True
Q410,kapan mulai terapi Alteplase pada Ischaemic Stroke,ID,4,8a9a544a6533,Management / Treatment Selection,Management / Treatment Selection,0.2586429239099235,Prophylaxis / Maintenance,0.1192125943471714,0.1394303295627521,Management / Treatment,Management / Treatment,True,True
Q411,Alendronate pada pasien elderly Osteoporosis apa perlu adjustment,MIXED,2,c59d8b67a8c4,Dosing / Administration,Dosing / Administration,0.3315528156663169,Safety / Contraindication,0.11746674602209765,0.21408606964421922,Pharmacotherapy,Pharmacotherapy,True,True
Q412,Aspirin long term outcomes Ischaemic Stroke,EN,5,f01dddd287b1,Efficacy / Outcomes,Efficacy / Outcomes,0.461134163630767,Treatment Change / Escalation,0.07444592179132654,0.38668824183944045,Pharmacotherapy; Epidemiology / Prognosis,Pharmacotherapy; Epidemiology / Prognosis,True,True
Q414,Stable Angina emergency Atorvastatin loading dose berapa,MIXED,3,99a10b7361fd,Dosing / Administration,Dosing / Administration,0.29685645507481534,Management / Treatment Selection,0.1044695778272383,0.19238687724757703,Pharmacotherapy,Pharmacotherapy,True,True
Q416,Urinary Tract Infection risk stratification approach,EN,5,f505cd6343ab,Monitoring / Response / Risk Assessment,Monitoring / Response / Risk Assessment,0.4452011309599215,Mechanism / Background Knowledge,0.0723555651062127,0.37284556585370876,Management / Treatment; Epidemiology / Prognosis,Management / Treatment; Epidemiology / Prognosis,True,True
Q417,Venlafaxine vs Venlafaxine untuk Major Depressive Disorder,ID,5,e57118fc321d,Comparative Treatment Choice,Comparative Treatment Choice,0.203679860367698,Treatment Change / Escalation,0.13650949966074954,0.06717036070694846,Pharmacotherapy,Pharmacotherapy,True,True
Q420,Atrial Fibrillation pada anak dosis Metoprolol,ID,5,eaced383bf48,Dosing / Administration,Dosing / Administration,0.30034777516437755,Safety / Contraindication,0.12030616728255053,0.18004160788182702,Pharmacotherapy,Pharmacotherapy,True,True
Q421,Bisoprolol loading dose Heart Failure emergency,EN,2,ac570d520b1e,Dosing / Administration,Dosing / Administration,0.3394342059225621,Management / Treatment Selection,0.10515692329508097,0.23427728262748115,Pharmacotherapy,Pharmacotherapy,True,True
Q423,prophylaxis Hypertension in Pregnancy Methyldopa kapan bisa dihentikan,MIXED,5,2972fa4e0624,Prophylaxis / Maintenance,Prophylaxis / Maintenance,0.37574050429794315,Safety / Contraindication,0.1162648728231665,0.25947563147477665,Management / Treatment,Management / Treatment,True,True
Q425,target Urinary Tract Infection sudah tercapai kapan maintenance Tenofovir+Lamivudine,MIXED,5,ac8159c853b8,Prophylaxis / Maintenance,Prophylaxis / Maintenance,0.3816052621261485,Interaction / Combination,0.08947565393075836,0.29212960819539013,Management / Treatment,Management / Treatment,True,True
Q426,target Psoriasis sudah tercapai kapan maintenance Dupilumab,MIXED,4,ac8159c853b8,Prophylaxis / Maintenance,Prophylaxis / Maintenance,0.3941460874765563,Dosing / Administration,0.09691116540452221,0.29723492207203406,Management / Treatment,Management / Treatment,True,True
Q428,penggantian Sertraline ke Venlafaxine pada Major Depressive Disorder,ID,2,948b14698d5c,Treatment Change / Escalation,Treatment Change / Escalation,0.1625404666565669,Comparative Treatment Choice,0.13152766825328926,0.03101279840327764,Management / Treatment,Management / Treatment,True,True
Q429,dosis Dupilumab untuk pasien Disseminated Intravascular Coagulation,ID,1,6b1965d20a53,Dosing / Administration,Dosing / Administration,0.24614158818391088,Comparative Treatment Choice,0.11262991826475376,0.13351166991915714,Pharmacotherapy,Pharmacotherapy,True,True
Q430,Major Depressive Disorder dengan renal impairment penyesuaian dosis Venlafaxine,MIXED,4,4d2fa9d142ab,Dosing / Administration,Dosing / Administration,0.3172788462120322,Safety / Contraindication,0.09642874571634116,0.220850100495691,Pharmacotherapy,Pharmacotherapy,True,True
Q431,Proton pump inhibitors kontraindikasi pada Peptic Ulcer Disease dengan anaemia,ID,4,050ed7384d12,Safety / Contraindication,Safety / Contraindication,0.19120562526161827,Treatment Change / Escalation,0.11518143930477251,0.07602418595684576,Pharmacotherapy,Pharmacotherapy,True,True
Q432,Semaglutide combination therapy Obesity,EN,4,8bc94590f860,Interaction / Combination,Interaction / Combination,0.27149621885272157,Safety / Contraindication,0.10929415146945283,0.16220206738326876,Pharmacotherapy,Pharmacotherapy,True,True
Q434,Rosuvastatin contraindication in Acute Coronary Syndrome with anaemia,EN,3,0ba360344167,Safety / Contraindication,Safety / Contraindication,0.2117597336831924,Dosing / Administration,0.13862945120100073,0.07313028248219167,Pharmacotherapy,Pharmacotherapy,True,True
Q435,Artemether-lumefantrine hepatic impairment dose in Typhoid Fever,EN,4,f5b7d27c6f50,Dosing / Administration,Dosing / Administration,0.35703727457635265,Safety / Contraindication,0.10216685647385222,0.25487041810250044,Pharmacotherapy,Pharmacotherapy,True,True
Q436,Dupilumab vs Cyclosporine untuk pasien Psoriasis mana lebih efektif,MIXED,4,3fde7b2fc12a,Comparative Treatment Choice,Comparative Treatment Choice,0.37075987413279154,Dosing / Administration,0.14162911946418566,0.22913075466860588,Pharmacotherapy,Pharmacotherapy,True,True
Q437,Parkinson Disease with elderly patients first line drug,EN,4,68a406c8e9f7,Management / Treatment Selection,Management / Treatment Selection,0.30344834581348074,Dosing / Administration,0.10085734458945875,0.202591001224022,Management / Treatment,Management / Treatment,True,True
Q438,Schizophrenia emergency Risperidone loading dose berapa,MIXED,1,99a10b7361fd,Dosing / Administration,Dosing / Administration,0.35376843027134747,Prophylaxis / Maintenance,0.09367498228317964,0.2600934479881678,Pharmacotherapy,Pharmacotherapy,True,True
Q439,Secukinumab loading dose Disseminated Intravascular Coagulation emergency,EN,2,ac570d520b1e,Dosing / Administration,Dosing / Administration,0.27733501852065684,Management / Treatment Selection,0.11557643013694,0.16175858838371684,Pharmacotherapy,Pharmacotherapy,True,True
Q440,Atrial Fibrillation risk stratification approach,EN,3,f505cd6343ab,Monitoring / Response / Risk Assessment,Monitoring / Response / Risk Assessment,0.5229683494287531,Dosing / Administration,0.07535095876771751,0.4476173906610356,Management / Treatment; Epidemiology / Prognosis,Management / Treatment; Epidemiology / Prognosis,True,True
Q441,Atorvastatin hepatic impairment dose in Stable Angina,EN,3,f5b7d27c6f50,Dosing / Administration,Dosing / Administration,0.3543056092940948,Management / Treatment Selection,0.09079189517990074,0.2635137141141941,Pharmacotherapy,Pharmacotherapy,True,True
Q443,prophylaxis Schizophrenia Risperidone kapan bisa dihentikan,MIXED,5,2972fa4e0624,Prophylaxis / Maintenance,Prophylaxis / Maintenance,0.48276957966217254,Dosing / Administration,0.07341555054104142,0.4093540291211311,Management / Treatment,Management / Treatment,True,True
Q444,Rivaroxaban hepatic impairment dose in Community-acquired Pneumonia,EN,1,f5b7d27c6f50,Dosing / Administration,Dosing / Administration,0.39672036464293653,Safety / Contraindication,0.08400327351199016,0.31271709113094637,Pharmacotherapy,Pharmacotherapy,True,True
Q446,Type 1 Diabetes Mellitus dengan pregnancy pilihan terapi,ID,1,69e6d592b6a3,Management / Treatment Selection,Management / Treatment Selection,0.20855837517541792,Safety / Contraindication,0.1906193997721226,0.01793897540329531,Management / Treatment,Management / Treatment,True,True
Q447,Lansoprazole vs Metronidazole untuk Pulmonary Embolism,ID,1,e57118fc321d,Comparative Treatment Choice,Comparative Treatment Choice,0.2978719974051834,Dosing / Administration,0.10250798065010477,0.1953640167550786,Pharmacotherapy,Pharmacotherapy,True,True
Q448,Pembrolizumab vs Pembrolizumab untuk pasien Non-Small Cell Lung Cancer mana lebih efektif,MIXED,1,3fde7b2fc12a,Comparative Treatment Choice,Comparative Treatment Choice,0.3738151419844888,Dosing / Administration,0.08970174067709036,0.2841134013073984,Pharmacotherapy,Pharmacotherapy,True,True
Q449,Beta-lactam combinations mechanism of action in Sepsis,EN,1,5345ee42b4e3,Mechanism / Background Knowledge,Mechanism / Background Knowledge,0.43584405103850943,Dosing / Administration,0.08024884685331726,0.3555952041851922,New dataset-specific class,New dataset-specific class,True,True
Q450,kontraindikasi Liraglutide pada Type 2 Diabetes Mellitus dengan CKD,MIXED,2,4ecfbc04de9c,Safety / Contraindication,Safety / Contraindication,0.17892223965240123,Management / Treatment Selection,0.1279849005671979,0.050937339085203315,Pharmacotherapy,Pharmacotherapy,True,True
Q451,Colorectal Cancer prophylaxis Pembrolizumab indication,EN,1,da816ba756d0,Prophylaxis / Maintenance,Prophylaxis / Maintenance,0.28494628678095646,Dosing / Administration,0.10228146411029411,0.18266482267066236,Management / Treatment,Management / Treatment,True,True
Q452,Prednisolone combination therapy Rheumatoid Arthritis,EN,5,8bc94590f860,Interaction / Combination,Interaction / Combination,0.21878830731982482,Dosing / Administration,0.1177746756622554,0.10101363165756942,Pharmacotherapy,Pharmacotherapy,True,True
Q453,Topiramate pada pasien elderly Migraine apa perlu adjustment,MIXED,2,c59d8b67a8c4,Dosing / Administration,Dosing / Administration,0.3411546417605967,Safety / Contraindication,0.1236547188846538,0.21749992287594289,Pharmacotherapy,Pharmacotherapy,True,True
Q454,switch dari Meropenem ke Vancomycin Sepsis progresif,MIXED,1,cc7ef385fde1,Treatment Change / Escalation,Treatment Change / Escalation,0.36915745504501146,Dosing / Administration,0.09319303978517532,0.27596441525983617,Management / Treatment,Management / Treatment,True,True
Q455,obat Typhoid Fever lini pertama Antimalarials,ID,2,441ae74c04a7,Management / Treatment Selection,Management / Treatment Selection,0.17376686032398478,Safety / Contraindication,0.11657216022899115,0.057194700094993625,Management / Treatment,Management / Treatment,True,True
Q457,is Nivolumab safe in Non-Small Cell Lung Cancer with atrial fibrillation,EN,1,e9f2b1957ae4,Safety / Contraindication,Safety / Contraindication,0.17585159447557627,Dosing / Administration,0.11852522666943109,0.05732636780614518,Pharmacotherapy,Pharmacotherapy,True,True
Q458,NRTIs mechanism of action in Malaria,EN,5,5345ee42b4e3,Mechanism / Background Knowledge,Mechanism / Background Knowledge,0.441585938202333,Dosing / Administration,0.08839249044321558,0.35319344775911743,New dataset-specific class,New dataset-specific class,True,True
Q459,prophylaxis Gout Adalimumab kapan bisa dihentikan,MIXED,3,2972fa4e0624,Prophylaxis / Maintenance,Prophylaxis / Maintenance,0.4872399485971832,Dosing / Administration,0.07547887167532016,0.41176107692186303,Management / Treatment,Management / Treatment,True,True
Q460,Sepsis guideline update terbaru summary,EN,2,218a65f48c2b,Guideline / Evidence Lookup,Guideline / Evidence Lookup,0.4570301973664175,Dosing / Administration,0.07506512763600648,0.381965069730411,Evidence / Guideline Lookup,Evidence / Guideline Lookup,True,True
Q461,is Semaglutide safe in Type 2 Diabetes Mellitus with COPD,EN,3,86d107d03507,Safety / Contraindication,Safety / Contraindication,0.2666672574597974,Management / Treatment Selection,0.10663252175013338,0.16003473570966403,Pharmacotherapy,Pharmacotherapy,True,True
Q462,Aspirin combination therapy Ischaemic Stroke,EN,2,8bc94590f860,Interaction / Combination,Interaction / Combination,0.2435822666169548,Treatment Change / Escalation,0.13150215239068258,0.11208011422627223,Pharmacotherapy,Pharmacotherapy,True,True
Q464,kontraindikasi Semaglutide pada Obesity dengan diabetes,MIXED,5,2b516a5fd267,Safety / Contraindication,Safety / Contraindication,0.2712127199950687,Management / Treatment Selection,0.11557800867026154,0.15563471132480716,Pharmacotherapy,Pharmacotherapy,True,True
Q465,Hypertension prophylaxis Ramipril indication,EN,1,da816ba756d0,Prophylaxis / Maintenance,Prophylaxis / Maintenance,0.35677806071672535,Dosing / Administration,0.08964581858855854,0.26713224212816683,Management / Treatment,Management / Treatment,True,True
Q467,Artemether-lumefantrine side effect pada pasien Typhoid Fever apa saja,MIXED,5,28a161bd9f40,Safety / Contraindication,Safety / Contraindication,0.31194863309189813,Dosing / Administration,0.12268923715073596,0.18925939594116217,Pharmacotherapy,Pharmacotherapy,True,True
Q468,Systemic Lupus Erythematosus prophylaxis Methotrexate indication,EN,1,da816ba756d0,Prophylaxis / Maintenance,Prophylaxis / Maintenance,0.24611358138648365,Dosing / Administration,0.1299737093900869,0.11613987199639675,Management / Treatment,Management / Treatment,True,True
Q470,HIV/AIDS pada anak dosis Amoxicillin,ID,5,eaced383bf48,Dosing / Administration,Dosing / Administration,0.26551689007762275,Safety / Contraindication,0.10832730109460047,0.15718958898302227,Pharmacotherapy,Pharmacotherapy,True,True
Q472,ARBs mechanism untuk Hypertension bagaimana cara kerjanya,MIXED,3,97495153da10,Mechanism / Background Knowledge,Mechanism / Background Knowledge,0.44366924585798306,Dosing / Administration,0.07427161487033447,0.3693976309876486,New dataset-specific class,New dataset-specific class,True,True
Q473,Tenofovir+Lamivudine efficacy pada Urinary Tract Infection clinical outcome data,MIXED,3,849e00fb468f,Efficacy / Outcomes,Efficacy / Outcomes,0.3213372400347357,Interaction / Combination,0.1346465173727261,0.1866907226620096,Pharmacotherapy; Epidemiology / Prognosis,Pharmacotherapy; Epidemiology / Prognosis,True,True
Q474,Antituberculotics mechanism untuk Tuberculosis bagaimana cara kerjanya,MIXED,2,97495153da10,Mechanism / Background Knowledge,Mechanism / Background Knowledge,0.34875173687145783,Dosing / Administration,0.09120143996239165,0.25755029690906617,New dataset-specific class,New dataset-specific class,True,True
Q475,Vitamin K antagonists kontraindikasi pada Deep Vein Thrombosis dengan heart failure,ID,2,31e57af1ac2b,Safety / Contraindication,Safety / Contraindication,0.21869860725308318,Management / Treatment Selection,0.11697418750740016,0.10172441974568303,Pharmacotherapy,Pharmacotherapy,True,True
Q476,Bortezomib vs Prednisolone untuk Rheumatoid Arthritis,ID,4,e57118fc321d,Comparative Treatment Choice,Comparative Treatment Choice,0.24273226361597255,Dosing / Administration,0.13343570540798816,0.1092965582079844,Pharmacotherapy,Pharmacotherapy,True,True
Q477,Losartan long term outcomes Heart Failure,EN,5,f01dddd287b1,Efficacy / Outcomes,Efficacy / Outcomes,0.47517363020742276,Dosing / Administration,0.0868353390131044,0.38833829119431834,Pharmacotherapy; Epidemiology / Prognosis,Pharmacotherapy; Epidemiology / Prognosis,True,True
Q479,BCR-ABL inhibitors in pregnancy and Chronic Myeloid Leukaemia,EN,3,ed8667a89e88,Safety / Contraindication,Safety / Contraindication,0.28358422914228504,Dosing / Administration,0.09955833448644977,0.18402589465583527,Pharmacotherapy,Pharmacotherapy,True,True
Q480,Venlafaxine dosing in Major Depressive Disorder with atrial fibrillation,EN,2,aaae9355d9cc,Dosing / Administration,Dosing / Administration,0.14581168901484146,Comparative Treatment Choice,0.13848959484304074,0.007322094171800714,Pharmacotherapy,Pharmacotherapy,True,True
Q481,Metoprolol long term outcomes Stable Angina,EN,3,f01dddd287b1,Efficacy / Outcomes,Efficacy / Outcomes,0.42499830040899556,Management / Treatment Selection,0.07889999987168601,0.34609830053730956,Pharmacotherapy; Epidemiology / Prognosis,Pharmacotherapy; Epidemiology / Prognosis,True,True
Q482,Lansoprazole long term outcomes Peptic Ulcer Disease,EN,1,f01dddd287b1,Efficacy / Outcomes,Efficacy / Outcomes,0.4195335054133548,Treatment Change / Escalation,0.09471886522149722,0.3248146401918576,Pharmacotherapy; Epidemiology / Prognosis,Pharmacotherapy; Epidemiology / Prognosis,True,True
Q483,Hypertension dengan pregnancy pilihan drug terbaik,MIXED,3,ba1df8a62400,Management / Treatment Selection,Management / Treatment Selection,0.19151891992875247,Safety / Contraindication,0.14812930190078286,0.04338961802796962,Management / Treatment,Management / Treatment,True,True
Q484,titration protocol Bedaquiline in Tuberculosis,EN,1,94c522035a7e,Dosing / Administration,Dosing / Administration,0.20206080967123494,Safety / Contraindication,0.1348928386462076,0.06716797102502733,Pharmacotherapy,Pharmacotherapy,True,True
Q485,Lansoprazole resistance in Peptic Ulcer Disease alternative therapy,EN,3,972b8cd8de38,Treatment Change / Escalation,Treatment Change / Escalation,0.22511343736428344,Dosing / Administration,0.10456522679811511,0.12054821056616832,Management / Treatment,Management / Treatment,True,True
Q488,Artemether-lumefantrine pada ibu hamil dengan Typhoid Fever,ID,1,8d3aa2c8633c,Safety / Contraindication,Safety / Contraindication,0.2039436461599422,Dosing / Administration,0.1326571087865276,0.07128653737341462,Pharmacotherapy,Pharmacotherapy,True,True
Q490,target terapi Hypothyroidism dengan Thyroid hormones,ID,4,cd0c51cd0be8,Management / Treatment Selection,Management / Treatment Selection,0.1764793777472234,Safety / Contraindication,0.1384307152600044,0.038048662487219,Management / Treatment,Management / Treatment,True,True
Q491,Empagliflozin long term outcomes Chronic Kidney Disease,EN,1,f01dddd287b1,Efficacy / Outcomes,Efficacy / Outcomes,0.4232602162066268,Prophylaxis / Maintenance,0.09516018674562753,0.32810002946099925,Pharmacotherapy; Epidemiology / Prognosis,Pharmacotherapy; Epidemiology / Prognosis,True,True
Q492,titration protocol Alendronate in Osteoporosis,EN,5,94c522035a7e,Dosing / Administration,Dosing / Administration,0.24238895534090701,Treatment Change / Escalation,0.11001867258216211,0.1323702827587449,Pharmacotherapy,Pharmacotherapy,True,True
Q496,Insulin degludec side effect pada pasien Type 1 Diabetes Mellitus apa saja,MIXED,2,28a161bd9f40,Safety / Contraindication,Safety / Contraindication,0.3742759510582393,Dosing / Administration,0.11375844118571415,0.26051750987252514,Pharmacotherapy,Pharmacotherapy,True,True
Q497,is Rosuvastatin safe in Acute Coronary Syndrome with diabetes,EN,4,03e7d7c45bb9,Safety / Contraindication,Safety / Contraindication,0.3008106058332872,Dosing / Administration,0.10264116883575373,0.19816943699753348,Pharmacotherapy,Pharmacotherapy,True,True
Q499,ACE inhibitors kontraindikasi pada Hypertension dengan hepatic impairment,ID,1,494372f04cda,Safety / Contraindication,Safety / Contraindication,0.20924179668990364,Dosing / Administration,0.17239166945914242,0.036850127230761226,Pharmacotherapy,Pharmacotherapy,True,True
