protocol,split,scheme,threshold,queries,positive_queries,no_positive_queries,judged_fraction@1,recall@1,hit_rate@1,mrr@1,ndcg@1,judged_fraction@3,recall@3,hit_rate@3,mrr@3,ndcg@3,judged_fraction@5,recall@5,hit_rate@5,mrr@5,ndcg@5,judged_fraction@10,recall@10,hit_rate@10,mrr@10,ndcg@10,judged_fraction@20,recall@20,hit_rate@20,mrr@20,ndcg@20
temporal,train,relevance_grade,1,340,245,95,0.05,0.009195011337868481,0.04081632653061224,0.04081632653061224,0.027988338192419825,0.042156862745098035,0.01370748299319728,0.06938775510204082,0.053061224489795916,0.0227019228991753,0.03882352941176471,0.020089083252348556,0.08571428571428572,0.05693877551020408,0.022929281862640514,0.03441176470588236,0.03548914804016845,0.13877551020408163,0.06428733398121152,0.029072921564074178,0.035147058823529406,0.05646258503401361,0.19183673469387755,0.06788636091694156,0.03495881900458787
temporal,train,relevance_grade,2,340,207,133,0.05,0.0107085346215781,0.043478260869565216,0.043478260869565216,0.03312629399585921,0.042156862745098035,0.017002147074610844,0.07246376811594203,0.05555555555555555,0.026869425653613277,0.03882352941176471,0.019981213097155125,0.0821256038647343,0.057729468599033815,0.025057958928857645,0.03441176470588236,0.036578866651330415,0.13043478260869565,0.06439498504715896,0.03087516535971401,0.035147058823529406,0.04915267234107813,0.1642512077294686,0.06654677130234629,0.03533621518135094
temporal,train,conservative_relevance_grade,1,340,245,95,0.05,0.009195011337868481,0.04081632653061224,0.04081632653061224,0.025267249757045675,0.042156862745098035,0.01370748299319728,0.06938775510204082,0.053061224489795916,0.021936654113110274,0.03882352941176471,0.020089083252348556,0.08571428571428572,0.05693877551020408,0.022691737624258978,0.03441176470588236,0.03548914804016845,0.13877551020408163,0.06428733398121152,0.027867987410338843,0.035147058823529406,0.05646258503401361,0.19183673469387755,0.06788636091694156,0.03389877227000966
temporal,train,conservative_relevance_grade,2,340,168,172,0.05,0.010912698412698412,0.03571428571428571,0.03571428571428571,0.024943310657596373,0.042156862745098035,0.022023809523809525,0.06547619047619048,0.048611111111111105,0.025547942493594062,0.03882352941176471,0.023511904761904758,0.07142857142857142,0.049801587301587305,0.0248600700108987,0.03441176470588236,0.04107142857142857,0.10714285714285714,0.0544359410430839,0.029943985488087473,0.035147058823529406,0.05793650793650793,0.14285714285714285,0.056737109051488745,0.03565193031411332
temporal,train,event_hierarchy_relevance_grade,1,340,245,95,0.05,0.009195011337868481,0.04081632653061224,0.04081632653061224,0.02915451895043732,0.042156862745098035,0.01370748299319728,0.06938775510204082,0.053061224489795916,0.022206315335630535,0.03882352941176471,0.020089083252348556,0.08571428571428572,0.05693877551020408,0.023083207240083975,0.03441176470588236,0.03548914804016845,0.13877551020408163,0.06428733398121152,0.02864260013546781,0.035147058823529406,0.05646258503401361,0.19183673469387755,0.06788636091694156,0.034561739515454715
temporal,train,event_hierarchy_relevance_grade,2,340,146,194,0.05,0.010273972602739725,0.0273972602739726,0.0273972602739726,0.035225048923679066,0.042156862745098035,0.025342465753424654,0.06164383561643835,0.04223744292237443,0.029850146153707305,0.03882352941176471,0.027054794520547945,0.0684931506849315,0.04360730593607306,0.02926302614868566,0.03441176470588236,0.048401826484018265,0.1095890410958904,0.04893998695368559,0.034803517124277525,0.035147058823529406,0.06632420091324201,0.14383561643835616,0.05115982411404185,0.041184212934207536
temporal,validation,relevance_grade,1,139,113,26,0.03597122302158273,0.0,0.0,0.0,0.0,0.03836930455635492,0.018805309734513276,0.02654867256637168,0.008849557522123894,0.009275312211270531,0.03309352517985612,0.03274336283185841,0.061946902654867256,0.016371681415929203,0.014877382007956465,0.038129496402877695,0.06253687315634218,0.11504424778761062,0.023507515100435455,0.023995896344786643,0.033093525179856115,0.06651917404129794,0.12389380530973451,0.02394999297654165,0.025919551925501418
temporal,validation,relevance_grade,2,139,101,38,0.03597122302158273,0.0,0.0,0.0,0.0,0.03836930455635492,0.009900990099009901,0.009900990099009901,0.0033003300330033,0.005426834454193761,0.03309352517985612,0.02805280528052805,0.039603960396039604,0.009240924092409241,0.011694496701971095,0.038129496402877695,0.0528052805280528,0.06930693069306931,0.013484205563413485,0.0218963988808009,0.033093525179856115,0.05808580858085808,0.0891089108910891,0.014766924928467397,0.024048607599818417
temporal,validation,conservative_relevance_grade,1,139,113,26,0.03597122302158273,0.0,0.0,0.0,0.0,0.03836930455635492,0.018805309734513276,0.02654867256637168,0.008849557522123894,0.009275312211270531,0.03309352517985612,0.03274336283185841,0.061946902654867256,0.016371681415929203,0.014389212902631537,0.038129496402877695,0.06253687315634218,0.11504424778761062,0.023507515100435455,0.023655804778330746,0.033093525179856115,0.06651917404129794,0.12389380530973451,0.02394999297654165,0.025686844324741564
temporal,validation,conservative_relevance_grade,2,139,79,60,0.03597122302158273,0.0,0.0,0.0,0.0,0.03836930455635492,0.0,0.0,0.0,0.0006089908844755682,0.03309352517985612,0.006329113924050633,0.012658227848101266,0.002531645569620253,0.0030269398830736955,0.038129496402877695,0.03164556962025317,0.0379746835443038,0.006148282097649186,0.014038149948516265,0.033093525179856115,0.0390295358649789,0.06329113924050633,0.0077882144504396325,0.016943307780724143
temporal,validation,event_hierarchy_relevance_grade,1,139,113,26,0.03597122302158273,0.0,0.0,0.0,0.0,0.03836930455635492,0.018805309734513276,0.02654867256637168,0.008849557522123894,0.0096700566269741,0.03309352517985612,0.03274336283185841,0.061946902654867256,0.016371681415929203,0.01570551059576972,0.038129496402877695,0.06253687315634218,0.11504424778761062,0.023507515100435455,0.0249053357680452,0.033093525179856115,0.06651917404129794,0.12389380530973451,0.02394999297654165,0.02669708067857902
temporal,validation,event_hierarchy_relevance_grade,2,139,76,63,0.03597122302158273,0.0,0.0,0.0,0.0,0.03836930455635492,0.0,0.0,0.0,0.0012199526164220168,0.03309352517985612,0.006578947368421052,0.013157894736842105,0.002631578947368421,0.005103551185361008,0.038129496402877695,0.03289473684210526,0.039473684210526314,0.006390977443609023,0.016450142733822608,0.033093525179856115,0.04276315789473684,0.06578947368421052,0.008095643968220144,0.019114184508695262
temporal,test,relevance_grade,1,139,110,29,0.02158273381294964,0.0018181818181818182,0.00909090909090909,0.00909090909090909,0.003896103896103896,0.03597122302158273,0.006363636363636363,0.01818181818181818,0.012121212121212121,0.006793830778162709,0.031654676258992806,0.009015151515151514,0.03636363636363636,0.016212121212121212,0.008340972023324969,0.02877697841726619,0.016085858585858585,0.06363636363636363,0.020162337662337663,0.010211669509839698,0.02841726618705036,0.0471969696969697,0.1,0.022743506493506496,0.01772340102998492
temporal,test,relevance_grade,2,139,96,43,0.02158273381294964,0.0026041666666666665,0.010416666666666666,0.010416666666666666,0.004464285714285714,0.03597122302158273,0.013020833333333334,0.020833333333333332,0.013888888888888888,0.00778459776664477,0.031654676258992806,0.015625,0.03125,0.01597222222222222,0.009557363776726528,0.02877697841726619,0.02291666666666667,0.052083333333333336,0.01919642857142857,0.011700871313357987,0.02841726618705036,0.04583333333333334,0.07291666666666667,0.020541914682539682,0.01764183425508881
temporal,test,conservative_relevance_grade,1,139,110,29,0.02158273381294964,0.0018181818181818182,0.00909090909090909,0.00909090909090909,0.003896103896103896,0.03597122302158273,0.006363636363636363,0.01818181818181818,0.012121212121212121,0.006793830778162709,0.031654676258992806,0.009015151515151514,0.03636363636363636,0.016212121212121212,0.007779525304001856,0.02877697841726619,0.016085858585858585,0.06363636363636363,0.020162337662337663,0.01067837645553201,0.02841726618705036,0.0471969696969697,0.1,0.022743506493506496,0.01823037771247278
temporal,test,conservative_relevance_grade,2,139,76,63,0.02158273381294964,0.0043859649122807015,0.013157894736842105,0.013157894736842105,0.005639097744360902,0.03597122302158273,0.017543859649122806,0.02631578947368421,0.017543859649122806,0.009833176126288132,0.031654676258992806,0.021929824561403508,0.039473684210526314,0.020175438596491225,0.011259839255792159,0.02877697841726619,0.031140350877192982,0.06578947368421052,0.02424812030075188,0.015455544869848962,0.02841726618705036,0.060087719298245613,0.09210526315789473,0.025947681704260653,0.023018204257397246
temporal,test,event_hierarchy_relevance_grade,1,139,110,29,0.02158273381294964,0.0018181818181818182,0.00909090909090909,0.00909090909090909,0.003896103896103896,0.03597122302158273,0.006363636363636363,0.01818181818181818,0.012121212121212121,0.0066591933800370815,0.031654676258992806,0.009015151515151514,0.03636363636363636,0.016212121212121212,0.008361501279082351,0.02877697841726619,0.016085858585858585,0.06363636363636363,0.020162337662337663,0.010777285259596831,0.02841726618705036,0.0471969696969697,0.1,0.022743506493506496,0.01862003135488886
temporal,test,event_hierarchy_relevance_grade,2,139,69,70,0.02158273381294964,0.007246376811594203,0.014492753623188406,0.014492753623188406,0.006211180124223602,0.03597122302158273,0.021739130434782608,0.028985507246376812,0.01932367149758454,0.010616105388464912,0.031654676258992806,0.028985507246376812,0.043478260869565216,0.02222222222222222,0.013329929575348676,0.02877697841726619,0.036231884057971016,0.057971014492753624,0.024292615596963423,0.017181179399357267,0.02841726618705036,0.07004830917874395,0.10144927536231885,0.026969749252357948,0.025974571365622593
query,train,relevance_grade,1,300,212,88,0.06333333333333334,0.009222446840371368,0.04716981132075472,0.04716981132075472,0.02964959568733154,0.05444444444444443,0.020097708894878708,0.08490566037735849,0.06132075471698113,0.027314373878504744,0.04933333333333333,0.029438080263551963,0.1179245283018868,0.06886792452830187,0.028758910230110787,0.042,0.04703878406708595,0.17452830188679244,0.07691674153938305,0.03486359169609374,0.03933333333333334,0.06289308176100629,0.22169811320754718,0.07998363616007025,0.04046870285634117
query,train,relevance_grade,2,300,190,110,0.06333333333333334,0.010664160401002506,0.04736842105263158,0.04736842105263158,0.0330827067669173,0.05444444444444443,0.026687552213868003,0.08421052631578947,0.06140350877192983,0.03047709085391056,0.04933333333333333,0.036512113617376774,0.10526315789473684,0.06587719298245613,0.032088889309386776,0.042,0.054456975772765245,0.15263157894736842,0.07273809523809524,0.03731606023109417,0.03933333333333334,0.06820593149540517,0.18947368421052632,0.07512573145537135,0.04222303676352911
query,train,conservative_relevance_grade,1,300,212,88,0.06333333333333334,0.009222446840371368,0.04716981132075472,0.04716981132075472,0.02650494159928122,0.05444444444444443,0.020097708894878708,0.08490566037735849,0.06132075471698113,0.026518663515060287,0.04933333333333333,0.029438080263551963,0.1179245283018868,0.06886792452830187,0.028203901867619053,0.042,0.04703878406708595,0.17452830188679244,0.07691674153938305,0.03268689180968322,0.03933333333333334,0.06289308176100629,0.22169811320754718,0.07998363616007025,0.038650759426794405
query,train,conservative_relevance_grade,2,300,153,147,0.06333333333333334,0.0112822906940554,0.0392156862745098,0.0392156862745098,0.02365390600684718,0.05444444444444443,0.028384687208216616,0.0718954248366013,0.05228758169934641,0.02640216174120632,0.04933333333333333,0.03219732337379396,0.08496732026143791,0.054901960784313725,0.02705926137687336,0.042,0.04603174603174603,0.11764705882352941,0.05949268596327419,0.03130346969094931,0.03933333333333334,0.06585745409274821,0.16339869281045752,0.06245772440302883,0.03789420112897386
query,train,event_hierarchy_relevance_grade,1,300,212,88,0.06333333333333334,0.009222446840371368,0.04716981132075472,0.04716981132075472,0.030098831985624432,0.05444444444444443,0.020097708894878708,0.08490566037735849,0.06132075471698113,0.026477348311124322,0.04933333333333333,0.029438080263551963,0.1179245283018868,0.06886792452830187,0.0285587910316512,0.042,0.04703878406708595,0.17452830188679244,0.07691674153938305,0.033580859910043434,0.03933333333333334,0.06289308176100629,0.22169811320754718,0.07998363616007025,0.03941820450255463
query,train,event_hierarchy_relevance_grade,2,300,139,161,0.06333333333333334,0.009592326139088728,0.02877697841726619,0.02877697841726619,0.0315176430284344,0.05444444444444443,0.028657074340527576,0.06474820143884892,0.04316546762589928,0.028998359159497417,0.04933333333333333,0.03405275779376498,0.07913669064748201,0.04604316546762589,0.030325924413211792,0.042,0.048441247002398075,0.1079136690647482,0.049897225077081185,0.034819395111372914,0.03933333333333334,0.07086330935251799,0.15827338129496402,0.05311094045001655,0.04188097085815389
query,validation,relevance_grade,1,100,70,30,0.03,0.0023809523809523807,0.014285714285714285,0.014285714285714285,0.006122448979591836,0.03333333333333333,0.0023809523809523807,0.014285714285714285,0.014285714285714285,0.004123738274877419,0.03,0.005238095238095239,0.02857142857142857,0.017857142857142856,0.0038460525753703473,0.041999999999999996,0.027619047619047616,0.11428571428571428,0.028424036281179135,0.011160675235756165,0.044,0.054200680272108843,0.18571428571428572,0.03357905982905983,0.020071009686267603
query,validation,relevance_grade,2,100,56,44,0.03,0.002976190476190476,0.017857142857142856,0.017857142857142856,0.007653061224489796,0.03333333333333333,0.002976190476190476,0.017857142857142856,0.017857142857142856,0.005154672843596774,0.03,0.002976190476190476,0.017857142857142856,0.017857142857142856,0.004807565719212934,0.041999999999999996,0.019940476190476192,0.07142857142857142,0.024744897959183672,0.013950844044695206,0.044,0.03005952380952381,0.10714285714285714,0.027051445578231293,0.01868713418947669
query,validation,conservative_relevance_grade,1,100,70,30,0.03,0.0023809523809523807,0.014285714285714285,0.014285714285714285,0.006122448979591836,0.03333333333333333,0.0023809523809523807,0.014285714285714285,0.014285714285714285,0.004123738274877419,0.03,0.005238095238095239,0.02857142857142857,0.017857142857142856,0.0038852131493628127,0.041999999999999996,0.027619047619047616,0.11428571428571428,0.028424036281179135,0.013024977426551057,0.044,0.054200680272108843,0.18571428571428572,0.03357905982905983,0.022415759770346128
query,validation,conservative_relevance_grade,2,100,49,51,0.03,0.003401360544217687,0.02040816326530612,0.02040816326530612,0.008746355685131196,0.03333333333333333,0.003401360544217687,0.02040816326530612,0.02040816326530612,0.005891054678396313,0.03,0.003401360544217687,0.02040816326530612,0.02040816326530612,0.005550304499089732,0.041999999999999996,0.028911564625850338,0.061224489795918366,0.025364431486880466,0.012682770026870491,0.044,0.04591836734693878,0.10204081632653061,0.028000485908649175,0.018782027182740236
query,validation,event_hierarchy_relevance_grade,1,100,70,30,0.03,0.0023809523809523807,0.014285714285714285,0.014285714285714285,0.006122448979591836,0.03333333333333333,0.0023809523809523807,0.014285714285714285,0.014285714285714285,0.004123738274877419,0.03,0.005238095238095239,0.02857142857142857,0.017857142857142856,0.004023937469266894,0.041999999999999996,0.027619047619047616,0.11428571428571428,0.028424036281179135,0.013547560941313978,0.044,0.054200680272108843,0.18571428571428572,0.03357905982905983,0.022703475651643424
query,validation,event_hierarchy_relevance_grade,2,100,42,58,0.03,0.004761904761904762,0.023809523809523808,0.023809523809523808,0.01020408163265306,0.03333333333333333,0.004761904761904762,0.023809523809523808,0.023809523809523808,0.006872897124795698,0.03,0.004761904761904762,0.023809523809523808,0.023809523809523808,0.006706562448778155,0.041999999999999996,0.034523809523809526,0.07142857142857142,0.02959183673469388,0.01566753755595378,0.044,0.05436507936507936,0.11904761904761904,0.0326672335600907,0.02239189151535911
query,test,relevance_grade,1,100,68,32,0.03,0.0,0.0,0.0,0.0,0.04666666666666666,0.006617647058823529,0.04411764705882353,0.0196078431372549,0.0073643562235630325,0.042,0.011659663865546219,0.07352941176470588,0.02549019607843137,0.00837753669725101,0.04100000000000001,0.02017390289449113,0.1323529411764706,0.03424369747899159,0.013198500280176136,0.0415,0.024725723622782445,0.14705882352941177,0.035108749382105786,0.01416611494397055
query,test,relevance_grade,2,100,61,39,0.03,0.0,0.0,0.0,0.0,0.04666666666666666,0.003278688524590164,0.01639344262295082,0.00819672131147541,0.008209446282004693,0.042,0.012841530054644808,0.04918032786885246,0.014754098360655736,0.009338893367427355,0.04100000000000001,0.0202576112412178,0.09836065573770492,0.021779859484777512,0.01471308227954061,0.0415,0.024355971896955503,0.11475409836065574,0.022744179639068742,0.0157917346916393
query,test,conservative_relevance_grade,1,100,68,32,0.03,0.0,0.0,0.0,0.0,0.04666666666666666,0.006617647058823529,0.04411764705882353,0.0196078431372549,0.0073643562235630325,0.042,0.011659663865546219,0.07352941176470588,0.02549019607843137,0.007765375090631467,0.04100000000000001,0.02017390289449113,0.1323529411764706,0.03424369747899159,0.013165538551466233,0.0415,0.024725723622782445,0.14705882352941177,0.035108749382105786,0.013774823103875355
query,test,conservative_relevance_grade,2,100,46,54,0.03,0.0,0.0,0.0,0.0,0.04666666666666666,0.004347826086956522,0.021739130434782608,0.010869565217391304,0.01088643963483231,0.042,0.011594202898550725,0.043478260869565216,0.015217391304347825,0.011479250133976951,0.04100000000000001,0.02391304347826087,0.10869565217391304,0.02453416149068323,0.019462100467384866,0.0415,0.02391304347826087,0.10869565217391304,0.02453416149068323,0.02036278197964183
query,test,event_hierarchy_relevance_grade,1,100,68,32,0.03,0.0,0.0,0.0,0.0,0.04666666666666666,0.006617647058823529,0.04411764705882353,0.0196078431372549,0.0064910721145488735,0.042,0.011659663865546219,0.07352941176470588,0.02549019607843137,0.00806387242953851,0.04100000000000001,0.02017390289449113,0.1323529411764706,0.03424369747899159,0.012054264589713629,0.0415,0.024725723622782445,0.14705882352941177,0.035108749382105786,0.012925291144422217
query,test,event_hierarchy_relevance_grade,2,100,42,58,0.03,0.0,0.0,0.0,0.0,0.04666666666666666,0.011904761904761904,0.023809523809523808,0.011904761904761904,0.010509354852126748,0.042,0.01984126984126984,0.047619047619047616,0.016666666666666666,0.013055793457348065,0.04100000000000001,0.03531746031746032,0.11904761904761904,0.02687074829931973,0.019516428383345875,0.0415,0.03531746031746032,0.11904761904761904,0.02687074829931973,0.02092666185287407
query_dedup,train,relevance_grade,1,300,213,87,0.05333333333333334,0.004953796855205305,0.03286384976525822,0.03286384976525822,0.019450033534540577,0.05,0.01636485580147552,0.07511737089201878,0.04929577464788732,0.021908927511720303,0.044000000000000004,0.024878903047917133,0.10328638497652583,0.0556338028169014,0.02367039182827418,0.04133333333333333,0.04118414188836724,0.1596244131455399,0.06381250465757508,0.028802446404499537,0.04016666666666666,0.05785639764513004,0.20187793427230047,0.06652547325976445,0.034773045048146094
query_dedup,train,relevance_grade,2,300,191,109,0.05333333333333334,0.006681625529793069,0.03664921465968586,0.03664921465968586,0.021690351533283473,0.05,0.022621125238926284,0.07329842931937172,0.05061082024432809,0.02443246890050484,0.044000000000000004,0.032394249148175853,0.09424083769633508,0.05506108202443281,0.02639682439488168,0.04133333333333333,0.04749023518657027,0.13612565445026178,0.061325105958613804,0.030543932400494345,0.04016666666666666,0.06185905426743123,0.16753926701570682,0.0632460926446873,0.03532532689090628
query_dedup,train,conservative_relevance_grade,1,300,213,87,0.05333333333333334,0.004953796855205305,0.03286384976525822,0.03286384976525822,0.01632014308070646,0.05,0.01636485580147552,0.07511737089201878,0.04929577464788732,0.021116952877681693,0.044000000000000004,0.024878903047917133,0.10328638497652583,0.0556338028169014,0.02310526829710047,0.04133333333333333,0.04118414188836724,0.1596244131455399,0.06381250465757508,0.027704976922979695,0.04016666666666666,0.05785639764513004,0.20187793427230047,0.06652547325976445,0.03374373063944404
query_dedup,train,conservative_relevance_grade,2,300,156,144,0.05333333333333334,0.009996947496947496,0.038461538461538464,0.038461538461538464,0.022283272283272284,0.05,0.026770451770451766,0.07051282051282051,0.05128205128205127,0.025627634377860257,0.044000000000000004,0.03050976800976801,0.08333333333333333,0.053846153846153835,0.025862623974665756,0.04133333333333333,0.04354395604395604,0.11538461538461539,0.0584630647130647,0.029488614614988976,0.04016666666666666,0.06352258852258852,0.15384615384615385,0.06081504200178289,0.03543581575716121
query_dedup,train,event_hierarchy_relevance_grade,1,300,213,87,0.05333333333333334,0.004953796855205305,0.03286384976525822,0.03286384976525822,0.017214397496087636,0.05,0.01636485580147552,0.07511737089201878,0.04929577464788732,0.02012200772063132,0.044000000000000004,0.024878903047917133,0.10328638497652583,0.0556338028169014,0.02268575636587481,0.04133333333333333,0.04118414188836724,0.1596244131455399,0.06381250465757508,0.027888653602021102,0.04016666666666666,0.05785639764513004,0.20187793427230047,0.06652547325976445,0.03374898218895346
query_dedup,train,event_hierarchy_relevance_grade,2,300,138,162,0.05333333333333334,0.008695652173913044,0.028985507246376812,0.028985507246376812,0.026570048309178744,0.05,0.027898550724637677,0.06521739130434782,0.04347826086956521,0.02743469307604689,0.044000000000000004,0.03333333333333333,0.07971014492753623,0.04637681159420289,0.028588502164469516,0.04133333333333333,0.047222222222222214,0.10869565217391304,0.05038819875776397,0.032610803138140035,0.04016666666666666,0.07041062801932366,0.15217391304347827,0.052996633631645064,0.03905833085979622
query_dedup,validation,relevance_grade,1,99,69,30,0.0707070707070707,0.015458937198067632,0.057971014492753624,0.057971014492753624,0.037267080745341616,0.060606060606060594,0.018357487922705314,0.07246376811594203,0.06521739130434782,0.027245850662154514,0.05252525252525253,0.021256038647342997,0.08695652173913043,0.06884057971014493,0.02429553053646757,0.04444444444444444,0.035748792270531404,0.11594202898550725,0.07236024844720497,0.02815143390977508,0.04292929292929293,0.058149298366689674,0.18840579710144928,0.07773229186272665,0.035282978730562645
query_dedup,validation,relevance_grade,2,99,58,41,0.0707070707070707,0.015804597701149423,0.05172413793103448,0.05172413793103448,0.04433497536945813,0.060606060606060594,0.019252873563218392,0.06896551724137931,0.0603448275862069,0.032413167167045884,0.05252525252525253,0.019252873563218392,0.06896551724137931,0.0603448275862069,0.028903303569245902,0.04444444444444444,0.027873563218390802,0.08620689655172414,0.06280788177339901,0.03349049896162898,0.04292929292929293,0.032902298850574704,0.1206896551724138,0.06545286609941782,0.03756150875170702
query_dedup,validation,conservative_relevance_grade,1,99,69,30,0.0707070707070707,0.015458937198067632,0.057971014492753624,0.057971014492753624,0.037267080745341616,0.060606060606060594,0.018357487922705314,0.07246376811594203,0.06521739130434782,0.027245850662154514,0.05252525252525253,0.021256038647342997,0.08695652173913043,0.06884057971014493,0.0243577735459203,0.04444444444444444,0.035748792270531404,0.11594202898550725,0.07236024844720497,0.02813750830894779,0.04292929292929293,0.058149298366689674,0.18840579710144928,0.07773229186272665,0.036174883510189514
query_dedup,validation,conservative_relevance_grade,2,99,48,51,0.0707070707070707,0.006944444444444444,0.020833333333333332,0.020833333333333332,0.011904761904761904,0.060606060606060594,0.011111111111111112,0.041666666666666664,0.03125,0.016615370352092637,0.05252525252525253,0.011111111111111112,0.041666666666666664,0.03125,0.015174562013113046,0.04444444444444444,0.011111111111111112,0.041666666666666664,0.03125,0.016915445593630736,0.04292929292929293,0.021527777777777774,0.08333333333333333,0.03444602272727273,0.023136713595211227
query_dedup,validation,event_hierarchy_relevance_grade,1,99,69,30,0.0707070707070707,0.015458937198067632,0.057971014492753624,0.057971014492753624,0.045548654244306416,0.060606060606060594,0.018357487922705314,0.07246376811594203,0.06521739130434782,0.02911818116842113,0.05252525252525253,0.021256038647342997,0.08695652173913043,0.06884057971014493,0.026365620717123405,0.04444444444444444,0.035748792270531404,0.11594202898550725,0.07236024844720497,0.029980923768051858,0.04292929292929293,0.058149298366689674,0.18840579710144928,0.07773229186272665,0.03794208066541707
query_dedup,validation,event_hierarchy_relevance_grade,2,99,45,54,0.0707070707070707,0.007407407407407407,0.022222222222222223,0.022222222222222223,0.025396825396825397,0.060606060606060594,0.018518518518518517,0.044444444444444446,0.03333333333333333,0.020593968485174294,0.05252525252525253,0.018518518518518517,0.044444444444444446,0.03333333333333333,0.019264898476498676,0.04444444444444444,0.018518518518518517,0.044444444444444446,0.03333333333333333,0.02086971233716569,0.04292929292929293,0.029629629629629627,0.08888888888888889,0.03674242424242424,0.027388863472907556
query_dedup,test,relevance_grade,1,101,68,33,0.019801980198019802,0.0,0.0,0.0,0.0,0.033003300330033,0.001838235294117647,0.014705882352941176,0.004901960784313725,0.000492939838259198,0.03564356435643565,0.009331232492997199,0.058823529411764705,0.014460784313725489,0.0032000011475561358,0.04059405940594059,0.02997782446311858,0.17647058823529413,0.0299953314659197,0.014594951488145581,0.0400990099009901,0.03636788048552755,0.20588235294117646,0.031779501016092705,0.0162712848839576
query_dedup,test,relevance_grade,2,101,58,43,0.019801980198019802,0.0,0.0,0.0,0.0,0.033003300330033,0.0,0.0,0.0,0.0005779294655452666,0.03564356435643565,0.010057471264367814,0.034482758620689655,0.006896551724137932,0.003751725483341676,0.04059405940594059,0.034688013136289,0.13793103448275862,0.02032019704433497,0.017111322434377577,0.0400990099009901,0.04146141215106733,0.1724137931034483,0.02241198203419299,0.01907667882946753
query_dedup,test,conservative_relevance_grade,1,101,68,33,0.019801980198019802,0.0,0.0,0.0,0.0,0.033003300330033,0.001838235294117647,0.014705882352941176,0.004901960784313725,0.000492939838259198,0.03564356435643565,0.009331232492997199,0.058823529411764705,0.014460784313725489,0.002604839714745241,0.04059405940594059,0.02997782446311858,0.17647058823529413,0.0299953314659197,0.013146734516162465,0.0400990099009901,0.03636788048552755,0.20588235294117646,0.031779501016092705,0.014945155368581013
query_dedup,test,conservative_relevance_grade,2,101,44,57,0.019801980198019802,0.0,0.0,0.0,0.0,0.033003300330033,0.0,0.0,0.0,0.000761816113673306,0.03564356435643565,0.007575757575757575,0.022727272727272728,0.004545454545454546,0.004025661377333554,0.04059405940594059,0.05075757575757576,0.13636363636363635,0.01939935064935065,0.020317680615887446,0.0400990099009901,0.05643939393939394,0.1590909090909091,0.020819805194805193,0.02309705829689793
query_dedup,test,event_hierarchy_relevance_grade,1,101,68,33,0.019801980198019802,0.0,0.0,0.0,0.0,0.033003300330033,0.001838235294117647,0.014705882352941176,0.004901960784313725,0.0007075041157877925,0.03564356435643565,0.009331232492997199,0.058823529411764705,0.014460784313725489,0.0034292457552133264,0.04059405940594059,0.02997782446311858,0.17647058823529413,0.0299953314659197,0.012914626495524115,0.0400990099009901,0.03636788048552755,0.20588235294117646,0.031779501016092705,0.014974789350242134
query_dedup,test,event_hierarchy_relevance_grade,2,101,40,61,0.019801980198019802,0.0,0.0,0.0,0.0,0.033003300330033,0.0,0.0,0.0,0.0012027569968392471,0.03564356435643565,0.008333333333333333,0.025,0.005,0.005829717783862655,0.04059405940594059,0.05791666666666666,0.15,0.021339285714285713,0.021954865042390994,0.0400990099009901,0.06416666666666666,0.175,0.022901785714285715,0.02545714189541163
