content_id,title,content_type,source_type,language,publication_year,word_count,disease_entity,icd10_code,molecule_entity,atc_code,drug_class_entity,atc_class,therapeutic_area
C001,Panduan Praktis: Memulai Levothyroxine pada Hypothyroidism,clinical_summary,hospital_protocol,ID,2021,487,Hypothyroidism,E03,Levothyroxine; Levothyroxine,H03AA01; H03AA01,Thyroid hormones; Thyroid hormones,H03AA; H03AA,Endocrinology
C002,Clinical Practice Guideline: Type 1 Diabetes Mellitus Management 2023,guideline,ministry_of_health,MIXED,2023,2901,Type 1 Diabetes Mellitus,E10,Insulin degludec,A10AE06,Basal insulins,A10AE,Endocrinology
C003,A Case of Type 1 Diabetes Mellitus Resistant to Insulin degludec,case_report,case_report,EN,2021,1231,Type 1 Diabetes Mellitus,E10,Insulin degludec,A10AE06,Basal insulins,A10AE,Endocrinology
C004,Successful Management of Severe Hypothyroidism with Levothyroxine,case_report,case_report,EN,2021,1098,Hypothyroidism,E03,Levothyroxine,H03AA01,Thyroid hormones,H03AA,Endocrinology
C005,Liraglutide in Type 2 Diabetes Mellitus: Real-World Outcomes,article,journal,EN,2022,1065,Type 2 Diabetes Mellitus,E11,Liraglutide; Semaglutide,A10BJ02; A10BJ06,GLP-1 receptor agonists; GLP-1 receptor agonists,A10BJ; A10BJ,Endocrinology
C006,"Methimazole: Pharmacology, Dosing, and Clinical Use in Hyperthyroidism",drug_profile,pharmacology_reference,EN,2023,493,Hyperthyroidism,E05,Methimazole,H03BB02,Antithyroid agents,H03BB,Endocrinology
C007,Efficacy of Vasopressin analogues in Diabetes Insipidus: A Cohort Study,article,research_paper,EN,2020,898,Diabetes Insipidus,E23.2,Desmopressin; Desmopressin,H01BA02; H01BA02,Vasopressin analogues; Vasopressin analogues,H01BA; H01BA,Endocrinology
C008,Treatment Intensification in Type 2 Diabetes Mellitus: When and How,article,research_paper,EN,2025,2272,Type 2 Diabetes Mellitus,E11,Sitagliptin,A10BH01,DPP-4 inhibitors,A10BH,Endocrinology
C009,Case Report: Atypical Presentation of Obesity,case_report,case_report,EN,2021,1101,Obesity,E66,Liraglutide,A10BJ02,GLP-1 receptor agonists,A10BJ,Endocrinology
C010,Dosis DPP-4 inhibitors pada Type 2 Diabetes Mellitus: Referensi Cepat,clinical_summary,hospital_protocol,ID,2025,654,Type 2 Diabetes Mellitus,E11,Sitagliptin,A10BH01,DPP-4 inhibitors,A10BH,Endocrinology
C011,National Guideline: Hypothyroidism Diagnosis and Treatment,guideline,professional_society,EN,2024,1041,Hypothyroidism,E03,Levothyroxine; Levothyroxine,H03AA01; H03AA01,Thyroid hormones; Thyroid hormones,H03AA; H03AA,Endocrinology
C012,Case Report: Atypical Presentation of Type 2 Diabetes Mellitus,case_report,case_report,EN,2025,1469,Type 2 Diabetes Mellitus,E11,Insulin glargine; Empagliflozin,A10AE04; A10BK03,Basal insulins; SGLT2 inhibitors,A10AE; A10BK,Endocrinology
C013,Asia-Pacific Guideline: Type 1 Diabetes Mellitus in Primary Care 2023,guideline,who,EN,2023,2664,Type 1 Diabetes Mellitus,E10,Metformin; Insulin degludec,A10BA02; A10AE06,Biguanides; Basal insulins,A10BA; A10AE,Endocrinology
C014,Practical Guide: Initiating Methimazole in Hyperthyroidism,clinical_summary,hospital_protocol,EN,2021,406,Hyperthyroidism,E05,Methimazole,H03BB02,Antithyroid agents,H03BB,Endocrinology
C015,Panduan Klinis: Tatalaksana Hyperthyroidism 2021,guideline,professional_society,ID,2021,1363,Hyperthyroidism,E05,Levothyroxine,H03AA01,Thyroid hormones,H03AA,Endocrinology
C016,Dose Adjustment of Desmopressin in Renal and Hepatic Impairment,clinical_summary,clinical_practice,MIXED,2024,391,Diabetes Insipidus,E23.2,Desmopressin,H01BA02,Vasopressin analogues,H01BA,Endocrinology
C017,Type 2 Diabetes Mellitus in Special Populations: Practical Guidance,clinical_summary,hospital_protocol,EN,2023,452,Type 2 Diabetes Mellitus,E11,Insulin glargine,A10AE04,Basal insulins,A10AE,Endocrinology
C018,Laporan Kasus: Type 2 Diabetes Mellitus dengan Presentasi Atipikal,case_report,case_report,ID,2024,1024,Type 2 Diabetes Mellitus,E11,Insulin glargine,A10AE04,Basal insulins,A10AE,Endocrinology
C019,Asia-Pacific Guideline: Diabetes Insipidus in Primary Care 2021,guideline,professional_society,EN,2021,1863,Diabetes Insipidus,E23.2,Desmopressin,H01BA02,Vasopressin analogues,H01BA,Endocrinology
C020,Clinical Practice Guideline: Type 2 Diabetes Mellitus Management 2021,guideline,who,EN,2021,1582,Type 2 Diabetes Mellitus,E11,Insulin glargine,A10AE04,Basal insulins,A10AE,Endocrinology
C021,Dose Adjustment of Insulin glargine in Renal and Hepatic Impairment,clinical_summary,clinical_practice,MIXED,2022,605,Type 2 Diabetes Mellitus,E11,Insulin glargine,A10AE04,Basal insulins,A10AE,Endocrinology
C022,Quick Reference: Vasopressin analogues Dosing in Diabetes Insipidus,clinical_summary,clinical_practice,MIXED,2024,369,Diabetes Insipidus,E23.2,Desmopressin,H01BA02,Vasopressin analogues,H01BA,Endocrinology
C023,Hasil Jangka Panjang Terapi GLP-1 receptor agonists pada Obesity,article,research_paper,ID,2023,1296,Obesity,E66,Semaglutide,A10BJ06,GLP-1 receptor agonists,A10BJ,Endocrinology
C024,Laporan Kasus: Acute Coronary Syndrome dengan Presentasi Atipikal,case_report,case_report,ID,2021,866,Acute Coronary Syndrome,I24,Ezetimibe; Amlodipine,C10AX09; C08CA01,Cholesterol absorption inhibitors; Calcium channel blockers,C10AX; C08CA,Cardiology
C025,Metoprolol versus Empagliflozin in Atrial Fibrillation: Head-to-Head Comparison,article,research_paper,MIXED,2022,1575,Atrial Fibrillation,I48,Metoprolol,C07AB02,Beta blockers selective,C07AB,Cardiology
C026,Profil Keamanan Rivaroxaban pada Atrial Fibrillation,article,research_paper,ID,2021,2134,Atrial Fibrillation,I48,Rivaroxaban,B01AF01,Factor Xa inhibitors,B01AF,Cardiology
C027,National Guideline: Atrial Fibrillation Diagnosis and Treatment,guideline,ministry_of_health,MIXED,2023,1399,Atrial Fibrillation,I48,Apixaban; Dapagliflozin,B01AF02; A10BK01,Factor Xa inhibitors; SGLT2 inhibitors,B01AF; A10BK,Cardiology
C028,Practical Guide: Initiating Losartan in Hypertension,clinical_summary,clinical_practice,MIXED,2024,557,Hypertension,I10,Losartan; Amlodipine,C09CA01; C08CA01,ARBs; Calcium channel blockers,C09CA; C08CA,Cardiology
C029,Profil Obat ARBs pada Heart Failure,drug_profile,drug_database,ID,2020,755,Heart Failure,I50,Losartan; Ramipril,C09CA01; C09AA05,ARBs; ACE inhibitors,C09CA; C09AA,Cardiology
C030,Treatment Intensification in Atrial Fibrillation: When and How,article,research_paper,EN,2025,878,Atrial Fibrillation,I48,Rivaroxaban,B01AF01,Factor Xa inhibitors,B01AF,Cardiology
C031,Clinical Practice Guideline: Heart Failure Management 2021,guideline,ministry_of_health,EN,2021,2215,Heart Failure,I50,Bisoprolol,C07AB07,Beta blockers selective,C07AB,Cardiology
C032,Consensus Statement: SGLT2 inhibitors Use in Atrial Fibrillation,guideline,professional_society,EN,2024,1341,Atrial Fibrillation,I48,Empagliflozin; Apixaban,A10BK03; B01AF02,SGLT2 inhibitors; Factor Xa inhibitors,A10BK; B01AF,Cardiology
C033,"Statins: Mechanism, Indications, and Safety",drug_profile,drug_database,MIXED,2020,439,Stable Angina,I20,Atorvastatin,C10AA05,Statins,C10AA,Cardiology
C034,Spironolactone Real-World Evidence in Heart Failure: A Retrospective Study,article,research_paper,MIXED,2021,2413,Heart Failure,I50,Spironolactone,C03DA01,Aldosterone antagonists,C03DA,Cardiology
C035,Stable Angina in Special Populations: Practical Guidance,clinical_summary,hospital_protocol,EN,2022,782,Stable Angina,I20,Rosuvastatin,C10AA07,Statins,C10AA,Cardiology
C036,Dosis Platelet aggregation inhibitors pada Stable Angina: Referensi Cepat,clinical_summary,hospital_protocol,ID,2020,704,Stable Angina,I20,Clopidogrel,B01AC04,Platelet aggregation inhibitors,B01AC,Cardiology
C037,Atrial Fibrillation in Special Populations: Practical Guidance,clinical_summary,hospital_protocol,EN,2025,452,Atrial Fibrillation,I48,Dapagliflozin; Rivaroxaban,A10BK01; B01AF01,SGLT2 inhibitors; Factor Xa inhibitors,A10BK; B01AF,Cardiology
C038,Clinical Summary: Heart Failure Management Update 2024,clinical_summary,clinical_practice,EN,2024,348,Heart Failure,I50,Losartan,C09CA01,ARBs,C09CA,Cardiology
C039,Switching Therapy in Stable Angina: A Step-by-Step Guide,clinical_summary,clinical_practice,EN,2023,642,Stable Angina,I20,Aspirin; Rosuvastatin,B01AC06; C10AA07,Platelet aggregation inhibitors; Statins,B01AC; C10AA,Cardiology
C040,Dose Adjustment of Atorvastatin in Renal and Hepatic Impairment,clinical_summary,clinical_practice,EN,2025,520,Stable Angina,I20,Atorvastatin,C10AA05,Statins,C10AA,Cardiology
C041,Laporan Kasus: Heart Failure dengan immunocompromised,case_report,case_report,ID,2022,622,Heart Failure,I50,Metoprolol,C07AB02,Beta blockers selective,C07AB,Cardiology
C042,Atrial Fibrillation in Special Populations: Practical Guidance,clinical_summary,hospital_protocol,EN,2022,547,Atrial Fibrillation,I48,Dapagliflozin,A10BK01,SGLT2 inhibitors,A10BK,Cardiology
C043,Profil Obat Statins pada Acute Coronary Syndrome,drug_profile,drug_database,ID,2020,420,Acute Coronary Syndrome,I24,Rosuvastatin,C10AA07,Statins,C10AA,Cardiology
C044,Safety Profile of Furosemide in Heart Failure,article,journal,EN,2024,2345,Heart Failure,I50,Furosemide,C03CA01,Loop diuretics,C03CA,Cardiology
C045,Metoprolol pada Pasien Heart Failure: Studi Kohort,article,journal,ID,2021,1239,Heart Failure,I50,Metoprolol,C07AB02,Beta blockers selective,C07AB,Cardiology
C046,Treatment Intensification in Atrial Fibrillation: When and How,article,journal,MIXED,2023,1926,Atrial Fibrillation,I48,Amlodipine,C08CA01,Calcium channel blockers,C08CA,Cardiology
C047,Drug Interactions: Losartan in Chronic Kidney Disease Patients,clinical_summary,hospital_protocol,EN,2025,455,Chronic Kidney Disease,N18,Losartan; Empagliflozin,C09CA01; A10BK03,ARBs; SGLT2 inhibitors,C09CA; A10BK,Nephrology
C048,Panduan Klinis: Tatalaksana Chronic Kidney Disease 2022,guideline,professional_society,ID,2022,2040,Chronic Kidney Disease,N18,Empagliflozin,A10BK03,SGLT2 inhibitors,A10BK,Nephrology
C049,Safety Profile of Furosemide in Nephrotic Syndrome,article,research_paper,EN,2022,1729,Nephrotic Syndrome,N04,Furosemide; Furosemide,C03CA01; C03CA01,Loop diuretics; Loop diuretics,C03CA; C03CA,Nephrology
C050,Chronic Kidney Disease pada Populasi Khusus: Pendekatan Praktis,clinical_summary,hospital_protocol,ID,2025,392,Chronic Kidney Disease,N18,Empagliflozin,A10BK03,SGLT2 inhibitors,A10BK,Nephrology
C051,Clinical Practice Guideline: Nephrotic Syndrome Management 2022,guideline,who,EN,2022,2939,Nephrotic Syndrome,N04,Furosemide,C03CA01,Loop diuretics,C03CA,Nephrology
C052,Clinical Summary: Chronic Kidney Disease Management Update 2024,clinical_summary,hospital_protocol,EN,2024,687,Chronic Kidney Disease,N18,Dapagliflozin; Dapagliflozin,A10BK01; A10BK01,SGLT2 inhibitors; SGLT2 inhibitors,A10BK; A10BK,Nephrology
C053,Furosemide in Nephrotic Syndrome: Real-World Outcomes,article,journal,MIXED,2025,2397,Nephrotic Syndrome,N04,Furosemide,C03CA01,Loop diuretics,C03CA,Nephrology
C054,Efektivitas Loop diuretics pada Nephrotic Syndrome,article,journal,ID,2024,2321,Nephrotic Syndrome,N04,Furosemide,C03CA01,Loop diuretics,C03CA,Nephrology
C055,Nephrotic Syndrome pada Populasi Khusus: Pendekatan Praktis,clinical_summary,clinical_practice,ID,2025,598,Nephrotic Syndrome,N04,Furosemide,C03CA01,Loop diuretics,C03CA,Nephrology
C056,Biomarkers in Chronic Kidney Disease: Implications for SGLT2 inhibitors Therapy,article,research_paper,EN,2023,2367,Chronic Kidney Disease,N18,Empagliflozin; Ramipril,A10BK03; C09AA05,SGLT2 inhibitors; ACE inhibitors,A10BK; C09AA,Nephrology
C057,Switching Therapy in Chronic Kidney Disease: A Step-by-Step Guide,clinical_summary,hospital_protocol,EN,2024,344,Chronic Kidney Disease,N18,Ramipril; Losartan,C09AA05; C09CA01,ACE inhibitors; ARBs,C09AA; C09CA,Nephrology
C058,Case Series: SGLT2 inhibitors in Refractory Chronic Kidney Disease,case_report,case_report,EN,2024,695,Chronic Kidney Disease,N18,Empagliflozin,A10BK03,SGLT2 inhibitors,A10BK,Nephrology
C059,Safety Profile of Empagliflozin in Chronic Kidney Disease,article,journal,EN,2022,876,Chronic Kidney Disease,N18,Empagliflozin,A10BK03,SGLT2 inhibitors,A10BK,Nephrology
C060,Case Report: Atypical Presentation of Chronic Kidney Disease,case_report,case_report,EN,2023,825,Chronic Kidney Disease,N18,Ramipril,C09AA05,ACE inhibitors,C09AA,Nephrology
C061,Profil Keamanan Dapagliflozin pada Chronic Kidney Disease,article,journal,ID,2024,1460,Chronic Kidney Disease,N18,Dapagliflozin,A10BK01,SGLT2 inhibitors,A10BK,Nephrology
C062,Konsensus Nasional: Chronic Kidney Disease di Indonesia 2022,guideline,who,ID,2022,1542,Chronic Kidney Disease,N18,Empagliflozin,A10BK03,SGLT2 inhibitors,A10BK,Nephrology
C063,Systematic Review: Loop diuretics in Nephrotic Syndrome,review,systematic_review,MIXED,2020,3571,Nephrotic Syndrome,N04,Furosemide; Furosemide,C03CA01; C03CA01,Loop diuretics; Loop diuretics,C03CA; C03CA,Nephrology
C064,Successful Management of Severe Nephrotic Syndrome with Furosemide,case_report,case_report,MIXED,2022,856,Nephrotic Syndrome,N04,Furosemide; Furosemide,C03CA01; C03CA01,Loop diuretics; Loop diuretics,C03CA; C03CA,Nephrology
C065,Profil Keamanan Losartan pada Chronic Kidney Disease,article,journal,ID,2025,1277,Chronic Kidney Disease,N18,Losartan; Losartan,C09CA01; C09CA01,ARBs; ARBs,C09CA; C09CA,Nephrology
C066,Panduan Praktis: Memulai Furosemide pada Nephrotic Syndrome,clinical_summary,hospital_protocol,ID,2023,571,Nephrotic Syndrome,N04,Furosemide,C03CA01,Loop diuretics,C03CA,Nephrology
C067,Consensus Statement: Loop diuretics Use in Nephrotic Syndrome,guideline,who,MIXED,2024,1281,Nephrotic Syndrome,N04,Furosemide,C03CA01,Loop diuretics,C03CA,Nephrology
C068,Chronic Kidney Disease pada Populasi Khusus: Pendekatan Praktis,clinical_summary,hospital_protocol,ID,2020,701,Chronic Kidney Disease,N18,Losartan; Ramipril,C09CA01; C09AA05,ARBs; ACE inhibitors,C09CA; C09AA,Nephrology
C069,Long-term Outcomes of SGLT2 inhibitors Therapy in Chronic Kidney Disease,article,research_paper,EN,2023,926,Chronic Kidney Disease,N18,Empagliflozin,A10BK03,SGLT2 inhibitors,A10BK,Nephrology
C070,Ischaemic Stroke in Special Populations: Practical Guidance,clinical_summary,clinical_practice,EN,2020,793,Ischaemic Stroke,I63,Alteplase; Aspirin,B01AD02; B01AC06,Thrombolytics; Platelet aggregation inhibitors,B01AD; B01AC,Neurology
C071,Asia-Pacific Guideline: Epilepsy in Primary Care 2022,guideline,professional_society,MIXED,2022,2544,Epilepsy,G40,Valproate,N03AG01,Fatty acid derivatives,N03AG,Neurology
C072,National Guideline: Migraine Diagnosis and Treatment,guideline,professional_society,EN,2020,1397,Migraine,G43,Topiramate,N03AX11,Antiepileptics other,N03AX,Neurology
C073,Quick Reference: Antiepileptics other Dosing in Migraine,clinical_summary,hospital_protocol,MIXED,2021,302,Migraine,G43,Topiramate,N03AX11,Antiepileptics other,N03AX,Neurology
C074,Topiramate Real-World Evidence in Migraine: A Retrospective Study,article,journal,MIXED,2023,2186,Migraine,G43,Topiramate; Topiramate,N03AX11; N03AX11,Antiepileptics other; Antiepileptics other,N03AX; N03AX,Neurology
C075,Migraine in Pregnancy: Safety and Management Guide,clinical_summary,hospital_protocol,MIXED,2025,653,Migraine,G43,Topiramate; Topiramate,N03AX11; N03AX11,Antiepileptics other; Antiepileptics other,N03AX; N03AX,Neurology
C076,Levetiracetam Drug Profile: Efficacy in Epilepsy,drug_profile,pharmacology_reference,MIXED,2024,837,Epilepsy,G40,Levetiracetam,N03AX14,Antiepileptics other,N03AX,Neurology
C077,Hasil Jangka Panjang Terapi Fatty acid derivatives pada Epilepsy,article,research_paper,ID,2021,2111,Epilepsy,G40,Valproate; Valproate,N03AG01; N03AG01,Fatty acid derivatives; Fatty acid derivatives,N03AG; N03AG,Neurology
C078,Drug Interactions: Levodopa-carbidopa in Parkinson Disease Patients,clinical_summary,clinical_practice,EN,2022,337,Parkinson Disease,G20,Levodopa-carbidopa; Valproate,N04BA02; N03AG01,Dopaminergic agents; Fatty acid derivatives,N04BA; N03AG,Neurology
C079,Topiramate Real-World Evidence in Migraine: A Retrospective Study,article,journal,EN,2025,1409,Migraine,G43,Topiramate; Topiramate,N03AX11; N03AX11,Antiepileptics other; Antiepileptics other,N03AX; N03AX,Neurology
C080,Treatment Intensification in Epilepsy: When and How,article,research_paper,EN,2025,996,Epilepsy,G40,Valproate,N03AG01,Fatty acid derivatives,N03AG,Neurology
C081,Parkinson Disease in atrial fibrillation: Special Considerations,article,journal,EN,2020,2267,Parkinson Disease,G20,Levodopa-carbidopa,N04BA02,Dopaminergic agents,N04BA,Neurology
C082,Rare Adverse Event of Aspirin in Ischaemic Stroke,case_report,case_report,EN,2022,1123,Ischaemic Stroke,I63,Aspirin,B01AC06,Platelet aggregation inhibitors,B01AC,Neurology
C083,Laporan Kasus: Migraine dengan COPD,case_report,case_report,ID,2020,830,Migraine,G43,Topiramate,N03AX11,Antiepileptics other,N03AX,Neurology
C084,Dose Adjustment of Valproate in Renal and Hepatic Impairment,clinical_summary,hospital_protocol,MIXED,2023,331,Parkinson Disease,G20,Valproate,N03AG01,Fatty acid derivatives,N03AG,Neurology
C085,Pedoman PNPK: Ischaemic Stroke,guideline,ministry_of_health,ID,2023,1621,Ischaemic Stroke,I63,Aspirin; Alteplase,B01AC06; B01AD02,Platelet aggregation inhibitors; Thrombolytics,B01AC; B01AD,Neurology
C086,Risk Stratification in Migraine: Current Approaches,article,journal,EN,2025,1352,Migraine,G43,Topiramate; Topiramate,N03AX11; N03AX11,Antiepileptics other; Antiepileptics other,N03AX; N03AX,Neurology
C087,Switching Therapy in Ischaemic Stroke: A Step-by-Step Guide,clinical_summary,clinical_practice,EN,2021,664,Ischaemic Stroke,I63,Alteplase,B01AD02,Thrombolytics,B01AD,Neurology
C088,Perbandingan Valproate dan Valproate pada Parkinson Disease,article,research_paper,ID,2024,1883,Parkinson Disease,G20,Valproate; Valproate,N03AG01; N03AG01,Fatty acid derivatives; Fatty acid derivatives,N03AG; N03AG,Neurology
C089,Perbandingan Topiramate dan Topiramate pada Migraine,article,journal,ID,2024,2308,Migraine,G43,Topiramate,N03AX11,Antiepileptics other,N03AX,Neurology
C090,Monitoring Parameters for Fatty acid derivatives in Parkinson Disease,clinical_summary,hospital_protocol,EN,2025,536,Parkinson Disease,G20,Valproate; Levodopa-carbidopa,N03AG01; N04BA02,Fatty acid derivatives; Dopaminergic agents,N03AG; N04BA,Neurology
C091,Valproate: Farmakologi dan Penggunaan Klinis pada Parkinson Disease,drug_profile,drug_database,ID,2021,471,Parkinson Disease,G20,Valproate,N03AG01,Fatty acid derivatives,N03AG,Neurology
C092,Hasil Jangka Panjang Terapi Antiepileptics other pada Migraine,article,research_paper,ID,2025,2012,Migraine,G43,Topiramate,N03AX11,Antiepileptics other,N03AX,Neurology
C093,Practical Guide: Initiating Tenofovir+Lamivudine in Urinary Tract Infection,clinical_summary,clinical_practice,EN,2021,680,Urinary Tract Infection,N39.0,Tenofovir+Lamivudine; Tenofovir+Lamivudine,J05AF; J05AF,NRTIs combination; NRTIs combination,J05AF; J05AF,Infectious Disease
C094,"Tenofovir+Lamivudine: Pharmacology, Dosing, and Clinical Use in Urinary Tract Infection",drug_profile,drug_database,EN,2021,736,Urinary Tract Infection,N39.0,Tenofovir+Lamivudine; Tenofovir+Lamivudine,J05AF; J05AF,NRTIs combination; NRTIs combination,J05AF; J05AF,Infectious Disease
C095,Quick Reference: NRTIs combination Dosing in Urinary Tract Infection,clinical_summary,clinical_practice,EN,2020,685,Urinary Tract Infection,N39.0,Tenofovir+Lamivudine,J05AF,NRTIs combination,J05AF,Infectious Disease
C096,Drug Interactions: Artemether-lumefantrine in Typhoid Fever Patients,clinical_summary,hospital_protocol,EN,2022,546,Typhoid Fever,A01.0,Artemether-lumefantrine,P01BF01,Antimalarials,P01BF,Infectious Disease
C097,Laporan Kasus: Malaria dengan atrial fibrillation,case_report,case_report,ID,2020,1022,Malaria,B50,Tenofovir disoproxil,J05AF07,NRTIs,J05AF,Infectious Disease
C098,Hasil Jangka Panjang Terapi NRTIs combination pada Urinary Tract Infection,article,research_paper,ID,2020,1526,Urinary Tract Infection,N39.0,Tenofovir+Lamivudine,J05AF,NRTIs combination,J05AF,Infectious Disease
C099,Panduan Praktis: Memulai Dolutegravir pada Malaria,clinical_summary,clinical_practice,ID,2020,312,Malaria,B50,Dolutegravir,J05AJ03,Integrase inhibitors,J05AJ,Infectious Disease
C100,Case Report: Atypical Presentation of HIV/AIDS,case_report,case_report,EN,2025,607,HIV/AIDS,B20,Levofloxacin; Amoxicillin,J01MA12; J01CA04,Fluoroquinolones; Penicillins,J01MA; J01CA,Infectious Disease
C101,"NRTIs combination: Mechanism, Indications, and Safety",drug_profile,drug_database,EN,2025,418,Urinary Tract Infection,N39.0,Tenofovir+Lamivudine,J05AF,NRTIs combination,J05AF,Infectious Disease
C102,Biomarkers in Urinary Tract Infection: Implications for NRTIs combination Therapy,article,journal,EN,2022,1881,Urinary Tract Infection,N39.0,Tenofovir+Lamivudine; Tenofovir+Lamivudine,J05AF; J05AF,NRTIs combination; NRTIs combination,J05AF; J05AF,Infectious Disease
C103,Profil Keamanan Amoxicillin pada HIV/AIDS,article,research_paper,ID,2020,1334,HIV/AIDS,B20,Amoxicillin,J01CA04,Penicillins,J01CA,Infectious Disease
C104,"NRTIs: Mechanism, Indications, and Safety",drug_profile,pharmacology_reference,EN,2020,705,Malaria,B50,Tenofovir disoproxil; Tenofovir disoproxil,J05AF07; J05AF07,NRTIs; NRTIs,J05AF; J05AF,Infectious Disease
C105,Narrative Review: Current Evidence for Integrase inhibitors in Malaria,review,systematic_review,EN,2022,3768,Malaria,B50,Dolutegravir,J05AJ03,Integrase inhibitors,J05AJ,Infectious Disease
C106,Successful Management of Severe Typhoid Fever with Artemether-lumefantrine,case_report,case_report,EN,2021,749,Typhoid Fever,A01.0,Artemether-lumefantrine; Artemether-lumefantrine,P01BF01; P01BF01,Antimalarials; Antimalarials,P01BF; P01BF,Infectious Disease
C107,A Case of HIV/AIDS Resistant to Levofloxacin,case_report,case_report,EN,2021,910,HIV/AIDS,B20,Levofloxacin,J01MA12,Fluoroquinolones,J01MA,Infectious Disease
C108,Case Series: NRTIs combination in Refractory Urinary Tract Infection,case_report,case_report,EN,2020,1255,Urinary Tract Infection,N39.0,Tenofovir+Lamivudine,J05AF,NRTIs combination,J05AF,Infectious Disease
C109,Panduan Praktis: Memulai Tenofovir+Lamivudine pada Urinary Tract Infection,clinical_summary,hospital_protocol,ID,2022,414,Urinary Tract Infection,N39.0,Tenofovir+Lamivudine,J05AF,NRTIs combination,J05AF,Infectious Disease
C110,WHO Guideline Update: Malaria 2025,guideline,who,EN,2025,1153,Malaria,B50,Dolutegravir,J05AJ03,Integrase inhibitors,J05AJ,Infectious Disease
C111,Biomarkers in Urinary Tract Infection: Implications for NRTIs combination Therapy,article,journal,MIXED,2025,1292,Urinary Tract Infection,N39.0,Tenofovir+Lamivudine,J05AF,NRTIs combination,J05AF,Infectious Disease
C112,"Antimalarials: Mechanism, Indications, and Safety",drug_profile,pharmacology_reference,EN,2025,496,Typhoid Fever,A01.0,Artemether-lumefantrine; Artemether-lumefantrine,P01BF01; P01BF01,Antimalarials; Antimalarials,P01BF; P01BF,Infectious Disease
C113,Risk Stratification in Typhoid Fever: Current Approaches,article,research_paper,EN,2021,2380,Typhoid Fever,A01.0,Artemether-lumefantrine; Artemether-lumefantrine,P01BF01; P01BF01,Antimalarials; Antimalarials,P01BF; P01BF,Infectious Disease
C114,Profil Keamanan Levofloxacin pada HIV/AIDS,article,research_paper,ID,2022,2173,HIV/AIDS,B20,Levofloxacin; Amoxicillin,J01MA12; J01CA04,Fluoroquinolones; Penicillins,J01MA; J01CA,Infectious Disease
C115,Case Series: NRTIs combination in Refractory Urinary Tract Infection,case_report,case_report,MIXED,2024,1133,Urinary Tract Infection,N39.0,Tenofovir+Lamivudine,J05AF,NRTIs combination,J05AF,Infectious Disease
C116,Dose Adjustment of Salmeterol in Renal and Hepatic Impairment,clinical_summary,clinical_practice,EN,2022,735,COPD,J44,Salmeterol,R03AC12,Long-acting beta2-agonists,R03AC,Pulmonology
C117,Safety Profile of Bedaquiline in MDR Tuberculosis,article,journal,EN,2025,2166,MDR Tuberculosis,A15.0,Bedaquiline; Bedaquiline,J04AK05; J04AK05,Antituberculotics; Antituberculotics,J04AK; J04AK,Pulmonology
C118,COPD in Pregnancy: Safety and Management Guide,clinical_summary,clinical_practice,EN,2021,393,COPD,J44,Prednisolone,H02AB06,Corticosteroids,H02AB,Pulmonology
C119,Clinical Practice Guideline: Pulmonary Embolism Management 2025,guideline,professional_society,EN,2025,2785,Pulmonary Embolism,I26,Lansoprazole; Lansoprazole,A02BC03; A02BC03,Proton pump inhibitors; Proton pump inhibitors,A02BC; A02BC,Pulmonology
C120,Safety Profile of Bedaquiline in MDR Tuberculosis,article,research_paper,EN,2024,1716,MDR Tuberculosis,A15.0,Bedaquiline,J04AK05,Antituberculotics,J04AK,Pulmonology
C121,Asia-Pacific Guideline: Community-acquired Pneumonia in Primary Care 2025,guideline,professional_society,EN,2025,2614,Community-acquired Pneumonia,J18,Rivaroxaban,B01AF01,Factor Xa inhibitors,B01AF,Pulmonology
C122,Case Series: Factor Xa inhibitors in Refractory Community-acquired Pneumonia,case_report,case_report,MIXED,2023,1396,Community-acquired Pneumonia,J18,Rivaroxaban; Rivaroxaban,B01AF01; B01AF01,Factor Xa inhibitors; Factor Xa inhibitors,B01AF; B01AF,Pulmonology
C123,Metronidazole: Farmakologi dan Penggunaan Klinis pada Pulmonary Embolism,drug_profile,drug_database,ID,2022,590,Pulmonary Embolism,I26,Metronidazole; Lansoprazole,J01XD01; A02BC03,Nitroimidazoles; Proton pump inhibitors,J01XD; A02BC,Pulmonology
C124,Konsensus Nasional: Asthma di Indonesia 2024,guideline,ministry_of_health,ID,2024,1220,Asthma,J45,Salmeterol; Azithromycin,R03AC12; J01FA10,Long-acting beta2-agonists; Macrolides,R03AC; J01FA,Pulmonology
C125,Efficacy of Antituberculotics in MDR Tuberculosis: A Cohort Study,article,journal,MIXED,2024,1187,MDR Tuberculosis,A15.0,Bedaquiline,J04AK05,Antituberculotics,J04AK,Pulmonology
C126,Budesonide Drug Profile: Efficacy in Asthma,drug_profile,pharmacology_reference,MIXED,2020,656,Asthma,J45,Budesonide,R03BA02,Inhaled corticosteroids,R03BA,Pulmonology
C127,Risk Stratification in Asthma: Current Approaches,article,research_paper,MIXED,2023,2190,Asthma,J45,Levofloxacin; Prednisolone,J01MA12; H02AB06,Fluoroquinolones; Corticosteroids,J01MA; H02AB,Pulmonology
C128,COPD in Special Populations: Practical Guidance,clinical_summary,clinical_practice,EN,2025,730,COPD,J44,Prednisolone,H02AB06,Corticosteroids,H02AB,Pulmonology
C129,Dosis Corticosteroids pada Asthma: Referensi Cepat,clinical_summary,hospital_protocol,ID,2022,303,Asthma,J45,Prednisolone,H02AB06,Corticosteroids,H02AB,Pulmonology
C130,Profil Keamanan Bedaquiline pada MDR Tuberculosis,article,journal,ID,2024,1668,MDR Tuberculosis,A15.0,Bedaquiline,J04AK05,Antituberculotics,J04AK,Pulmonology
C131,Treatment Intensification in Asthma: When and How,article,research_paper,MIXED,2024,1509,Asthma,J45,Levofloxacin; Amoxicillin,J01MA12; J01CA04,Fluoroquinolones; Penicillins,J01MA; J01CA,Pulmonology
C132,Practical Guide: Initiating Prednisolone in COPD,clinical_summary,hospital_protocol,MIXED,2021,411,COPD,J44,Prednisolone,H02AB06,Corticosteroids,H02AB,Pulmonology
C133,Panduan Praktis: Memulai Prednisolone pada COPD,clinical_summary,hospital_protocol,ID,2024,359,COPD,J44,Prednisolone,H02AB06,Corticosteroids,H02AB,Pulmonology
C134,Scoping Review: Emerging Therapies in Pulmonary Embolism 2025,review,systematic_review,EN,2025,2344,Pulmonary Embolism,I26,Omeprazole; Metronidazole,A02BC01; J01XD01,Proton pump inhibitors; Nitroimidazoles,A02BC; J01XD,Pulmonology
C135,Prednisolone pada Pasien COPD: Studi Kohort,article,journal,ID,2020,2402,COPD,J44,Prednisolone,H02AB06,Corticosteroids,H02AB,Pulmonology
C136,MDR Tuberculosis pada Populasi Khusus: Pendekatan Praktis,clinical_summary,clinical_practice,ID,2021,461,MDR Tuberculosis,A15.0,Bedaquiline; Bedaquiline,J04AK05; J04AK05,Antituberculotics; Antituberculotics,J04AK; J04AK,Pulmonology
C137,Asthma in immunocompromised: Special Considerations,article,journal,MIXED,2024,1681,Asthma,J45,Salbutamol,R03AC02,Short-acting beta2-agonists,R03AC,Pulmonology
C138,Treatment Intensification in Asthma: When and How,article,journal,EN,2024,1995,Asthma,J45,Salmeterol; Amoxicillin,R03AC12; J01CA04,Long-acting beta2-agonists; Penicillins,R03AC; J01CA,Pulmonology
C139,Narrative Review: Current Evidence for Proton pump inhibitors in Peptic Ulcer Disease,review,meta_analysis,MIXED,2020,2409,Peptic Ulcer Disease,K27,Lansoprazole,A02BC03,Proton pump inhibitors,A02BC,Gastroenterology
C140,"Proton pump inhibitors: Mechanism, Indications, and Safety",drug_profile,pharmacology_reference,EN,2024,983,Peptic Ulcer Disease,K27,Omeprazole,A02BC01,Proton pump inhibitors,A02BC,Gastroenterology
C141,Efficacy of Proton pump inhibitors in Peptic Ulcer Disease: A Cohort Study,article,research_paper,EN,2024,2436,Peptic Ulcer Disease,K27,Lansoprazole,A02BC03,Proton pump inhibitors,A02BC,Gastroenterology
C142,Asia-Pacific Guideline: Inflammatory Bowel Disease in Primary Care 2023,guideline,who,MIXED,2023,1503,Inflammatory Bowel Disease,K50,Metronidazole,J01XD01,Nitroimidazoles,J01XD,Gastroenterology
C143,Consensus Statement: Proton pump inhibitors Use in Peptic Ulcer Disease,guideline,ministry_of_health,EN,2025,1994,Peptic Ulcer Disease,K27,Lansoprazole; Omeprazole,A02BC03; A02BC01,Proton pump inhibitors; Proton pump inhibitors,A02BC; A02BC,Gastroenterology
C144,Clinical Practice Guideline: Inflammatory Bowel Disease Management 2025,guideline,who,EN,2025,1601,Inflammatory Bowel Disease,K50,Metronidazole,J01XD01,Nitroimidazoles,J01XD,Gastroenterology
C145,Metronidazole Drug Profile: Efficacy in Inflammatory Bowel Disease,drug_profile,drug_database,EN,2021,570,Inflammatory Bowel Disease,K50,Metronidazole,J01XD01,Nitroimidazoles,J01XD,Gastroenterology
C146,Quick Reference: Nitroimidazoles Dosing in Inflammatory Bowel Disease,clinical_summary,clinical_practice,MIXED,2024,318,Inflammatory Bowel Disease,K50,Metronidazole; Metronidazole,J01XD01; J01XD01,Nitroimidazoles; Nitroimidazoles,J01XD; J01XD,Gastroenterology
C147,National Guideline: Peptic Ulcer Disease Diagnosis and Treatment,guideline,ministry_of_health,EN,2020,2219,Peptic Ulcer Disease,K27,Lansoprazole,A02BC03,Proton pump inhibitors,A02BC,Gastroenterology
C148,Clinical Summary: Inflammatory Bowel Disease Management Update 2022,clinical_summary,clinical_practice,MIXED,2022,551,Inflammatory Bowel Disease,K50,Metronidazole,J01XD01,Nitroimidazoles,J01XD,Gastroenterology
C149,Switching Therapy in Peptic Ulcer Disease: A Step-by-Step Guide,clinical_summary,hospital_protocol,EN,2021,325,Peptic Ulcer Disease,K27,Lansoprazole,A02BC03,Proton pump inhibitors,A02BC,Gastroenterology
C150,Practical Guide: Initiating Omeprazole in Peptic Ulcer Disease,clinical_summary,hospital_protocol,MIXED,2022,439,Peptic Ulcer Disease,K27,Omeprazole,A02BC01,Proton pump inhibitors,A02BC,Gastroenterology
C151,Monitoring Parameters for Nitroimidazoles in Inflammatory Bowel Disease,clinical_summary,hospital_protocol,EN,2022,754,Inflammatory Bowel Disease,K50,Metronidazole,J01XD01,Nitroimidazoles,J01XD,Gastroenterology
C152,Metronidazole pada Pasien Inflammatory Bowel Disease: Studi Kohort,article,journal,ID,2024,1207,Inflammatory Bowel Disease,K50,Metronidazole; Metronidazole,J01XD01; J01XD01,Nitroimidazoles; Nitroimidazoles,J01XD; J01XD,Gastroenterology
C153,Konsensus Nasional: Inflammatory Bowel Disease di Indonesia 2021,guideline,professional_society,ID,2021,1289,Inflammatory Bowel Disease,K50,Metronidazole,J01XD01,Nitroimidazoles,J01XD,Gastroenterology
C154,Peptic Ulcer Disease pada Populasi Khusus: Pendekatan Praktis,clinical_summary,hospital_protocol,ID,2025,544,Peptic Ulcer Disease,K27,Omeprazole,A02BC01,Proton pump inhibitors,A02BC,Gastroenterology
C155,New Insights into Inflammatory Bowel Disease Pathophysiology and Treatment,article,research_paper,MIXED,2021,2475,Inflammatory Bowel Disease,K50,Metronidazole,J01XD01,Nitroimidazoles,J01XD,Gastroenterology
C156,Switching Therapy in Peptic Ulcer Disease: A Step-by-Step Guide,clinical_summary,hospital_protocol,MIXED,2024,421,Peptic Ulcer Disease,K27,Lansoprazole; Lansoprazole,A02BC03; A02BC03,Proton pump inhibitors; Proton pump inhibitors,A02BC; A02BC,Gastroenterology
C157,Profil Keamanan Lansoprazole pada Peptic Ulcer Disease,article,journal,ID,2024,1942,Peptic Ulcer Disease,K27,Lansoprazole,A02BC03,Proton pump inhibitors,A02BC,Gastroenterology
C158,Practical Guide: Initiating Metronidazole in Inflammatory Bowel Disease,clinical_summary,hospital_protocol,EN,2020,680,Inflammatory Bowel Disease,K50,Metronidazole,J01XD01,Nitroimidazoles,J01XD,Gastroenterology
C159,Long-term Outcomes of Nitroimidazoles Therapy in Inflammatory Bowel Disease,article,research_paper,EN,2020,1203,Inflammatory Bowel Disease,K50,Metronidazole,J01XD01,Nitroimidazoles,J01XD,Gastroenterology
C160,Konsensus Nasional: Inflammatory Bowel Disease di Indonesia 2022,guideline,who,ID,2022,2456,Inflammatory Bowel Disease,K50,Metronidazole; Metronidazole,J01XD01; J01XD01,Nitroimidazoles; Nitroimidazoles,J01XD; J01XD,Gastroenterology
C161,Asia-Pacific Guideline: Peptic Ulcer Disease in Primary Care 2025,guideline,professional_society,EN,2025,1735,Peptic Ulcer Disease,K27,Omeprazole,A02BC01,Proton pump inhibitors,A02BC,Gastroenterology
C162,Biomarkers in Schizophrenia: Implications for Atypical antipsychotics Therapy,article,research_paper,MIXED,2024,1874,Schizophrenia,F20,Risperidone,N05AX08,Atypical antipsychotics,N05AX,Psychiatry
C163,"Risperidone: Pharmacology, Dosing, and Clinical Use in Schizophrenia",drug_profile,pharmacology_reference,EN,2025,780,Schizophrenia,F20,Risperidone,N05AX08,Atypical antipsychotics,N05AX,Psychiatry
C164,Clinical Summary: Major Depressive Disorder Management Update 2021,clinical_summary,clinical_practice,EN,2021,567,Major Depressive Disorder,F32,Venlafaxine,N06AX16,SNRIs,N06AX,Psychiatry
C165,Lithium: Farmakologi dan Penggunaan Klinis pada Bipolar Disorder,drug_profile,pharmacology_reference,ID,2024,454,Bipolar Disorder,F31,Lithium,N05AN01,Mood stabilisers,N05AN,Psychiatry
C166,Dosis SSRIs pada ADHD: Referensi Cepat,clinical_summary,hospital_protocol,ID,2024,717,ADHD,F90,Sertraline,N06AB06,SSRIs,N06AB,Psychiatry
C167,Sertraline in ADHD: Real-World Outcomes,article,journal,EN,2023,1345,ADHD,F90,Sertraline,N06AB06,SSRIs,N06AB,Psychiatry
C168,Challenging Case: ADHD with Concurrent atrial fibrillation,case_report,case_report,EN,2020,686,ADHD,F90,Sertraline; Escitalopram,N06AB06; N06AB10,SSRIs; SSRIs,N06AB; N06AB,Psychiatry
C169,Dose Adjustment of Olanzapine in Renal and Hepatic Impairment,clinical_summary,hospital_protocol,EN,2020,320,Schizophrenia,F20,Olanzapine,N05AH03,Atypical antipsychotics,N05AH,Psychiatry
C170,Major Depressive Disorder in hypertension: Special Considerations,article,research_paper,EN,2023,1804,Major Depressive Disorder,F32,Sertraline,N06AB06,SSRIs,N06AB,Psychiatry
C171,Perbandingan Venlafaxine dan Venlafaxine pada Major Depressive Disorder,article,research_paper,ID,2022,1951,Major Depressive Disorder,F32,Venlafaxine,N06AX16,SNRIs,N06AX,Psychiatry
C172,Major Depressive Disorder in Pregnancy: Safety and Management Guide,clinical_summary,hospital_protocol,EN,2025,308,Major Depressive Disorder,F32,Sertraline; Sertraline,N06AB06; N06AB06,SSRIs; SSRIs,N06AB; N06AB,Psychiatry
C173,Escitalopram versus Sertraline in Major Depressive Disorder: Head-to-Head Comparison,article,research_paper,EN,2020,1670,Major Depressive Disorder,F32,Escitalopram; Sertraline,N06AB10; N06AB06,SSRIs; SSRIs,N06AB; N06AB,Psychiatry
C174,Long-term Outcomes of SNRIs Therapy in Major Depressive Disorder,article,journal,EN,2020,1185,Major Depressive Disorder,F32,Venlafaxine,N06AX16,SNRIs,N06AX,Psychiatry
C175,Clinical Summary: Bipolar Disorder Management Update 2020,clinical_summary,clinical_practice,MIXED,2020,622,Bipolar Disorder,F31,Lithium,N05AN01,Mood stabilisers,N05AN,Psychiatry
C176,"Lithium: Pharmacology, Dosing, and Clinical Use in Bipolar Disorder",drug_profile,pharmacology_reference,EN,2021,504,Bipolar Disorder,F31,Lithium,N05AN01,Mood stabilisers,N05AN,Psychiatry
C177,Successful Management of Severe Schizophrenia with Clozapine,case_report,case_report,EN,2021,1190,Schizophrenia,F20,Clozapine,N05AH02,Atypical antipsychotics,N05AH,Psychiatry
C178,A Case of Schizophrenia Resistant to Clozapine,case_report,case_report,EN,2023,886,Schizophrenia,F20,Clozapine,N05AH02,Atypical antipsychotics,N05AH,Psychiatry
C179,Case Report: Atypical Presentation of Schizophrenia,case_report,case_report,EN,2023,1436,Schizophrenia,F20,Clozapine,N05AH02,Atypical antipsychotics,N05AH,Psychiatry
C180,Risk Stratification in Major Depressive Disorder: Current Approaches,article,journal,EN,2020,1033,Major Depressive Disorder,F32,Sertraline,N06AB06,SSRIs,N06AB,Psychiatry
C181,Case Report: Atypical Presentation of Major Depressive Disorder,case_report,case_report,EN,2023,841,Major Depressive Disorder,F32,Sertraline,N06AB06,SSRIs,N06AB,Psychiatry
C182,"Sertraline: Pharmacology, Dosing, and Clinical Use in Major Depressive Disorder",drug_profile,drug_database,MIXED,2022,468,Major Depressive Disorder,F32,Sertraline; Escitalopram,N06AB06; N06AB10,SSRIs; SSRIs,N06AB; N06AB,Psychiatry
C183,Scoping Review: Emerging Therapies in Bipolar Disorder 2022,review,meta_analysis,MIXED,2022,3811,Bipolar Disorder,F31,Olanzapine; Olanzapine,N05AH03; N05AH03,Atypical antipsychotics; Atypical antipsychotics,N05AH; N05AH,Psychiatry
C184,Sertraline Real-World Evidence in Major Depressive Disorder: A Retrospective Study,article,research_paper,EN,2021,2291,Major Depressive Disorder,F32,Sertraline,N06AB06,SSRIs,N06AB,Psychiatry
C185,Dosis BCR-ABL inhibitors pada Chronic Myeloid Leukaemia: Referensi Cepat,clinical_summary,hospital_protocol,ID,2024,428,Chronic Myeloid Leukaemia,C92.1,Imatinib; Imatinib,L01EA01; L01EA01,BCR-ABL inhibitors; BCR-ABL inhibitors,L01EA; L01EA,Oncology
C186,Konsensus Nasional: Chronic Lymphocytic Leukaemia di Indonesia 2022,guideline,who,ID,2022,2319,Chronic Lymphocytic Leukaemia,C91.1,Ibrutinib,L01EL01,BTK inhibitors,L01EL,Oncology
C187,Clinical Practice Guideline: Breast Cancer HER2-positive Management 2022,guideline,who,EN,2022,2634,Breast Cancer HER2-positive,C50,Methylphenidate,N06BA04,CNS stimulants,N06BA,Oncology
C188,Risk Stratification in Chronic Lymphocytic Leukaemia: Current Approaches,article,research_paper,EN,2024,1743,Chronic Lymphocytic Leukaemia,C91.1,Ibrutinib,L01EL01,BTK inhibitors,L01EL,Oncology
C189,Clinical Practice Guideline: Colorectal Cancer Management 2020,guideline,professional_society,EN,2020,2059,Colorectal Cancer,C18,Nivolumab,L01FF01,PD-1 inhibitors,L01FF,Oncology
C190,Case Series: HER2-targeted agents in Refractory Non-Small Cell Lung Cancer,case_report,case_report,EN,2024,741,Non-Small Cell Lung Cancer,C34,Trastuzumab; Nivolumab,L01FD01; L01FF01,HER2-targeted agents; PD-1 inhibitors,L01FD; L01FF,Oncology
C191,Efficacy of BTK inhibitors in Chronic Lymphocytic Leukaemia: A Cohort Study,article,research_paper,EN,2025,958,Chronic Lymphocytic Leukaemia,C91.1,Ibrutinib,L01EL01,BTK inhibitors,L01EL,Oncology
C192,National Guideline: Chronic Myeloid Leukaemia Diagnosis and Treatment,guideline,ministry_of_health,EN,2022,2794,Chronic Myeloid Leukaemia,C92.1,Imatinib,L01EA01,BCR-ABL inhibitors,L01EA,Oncology
C193,Meta-analysis: Ibrutinib versus Standard of Care in Chronic Lymphocytic Leukaemia,review,systematic_review,EN,2021,3751,Chronic Lymphocytic Leukaemia,C91.1,Ibrutinib,L01EL01,BTK inhibitors,L01EL,Oncology
C194,Quick Reference: BTK inhibitors Dosing in Chronic Lymphocytic Leukaemia,clinical_summary,hospital_protocol,EN,2021,616,Chronic Lymphocytic Leukaemia,C91.1,Ibrutinib; Ibrutinib,L01EL01; L01EL01,BTK inhibitors; BTK inhibitors,L01EL; L01EL,Oncology
C195,Biomarkers in Chronic Lymphocytic Leukaemia: Implications for BTK inhibitors Therapy,article,research_paper,EN,2020,1376,Chronic Lymphocytic Leukaemia,C91.1,Ibrutinib,L01EL01,BTK inhibitors,L01EL,Oncology
C196,Scoping Review: Emerging Therapies in Colorectal Cancer 2024,review,meta_analysis,EN,2024,2373,Colorectal Cancer,C18,Nivolumab,L01FF01,PD-1 inhibitors,L01FF,Oncology
C197,Konsensus Nasional: Chronic Myeloid Leukaemia di Indonesia 2023,guideline,who,ID,2023,2451,Chronic Myeloid Leukaemia,C92.1,Imatinib,L01EA01,BCR-ABL inhibitors,L01EA,Oncology
C198,Dosis BCR-ABL inhibitors pada Chronic Myeloid Leukaemia: Referensi Cepat,clinical_summary,clinical_practice,ID,2022,748,Chronic Myeloid Leukaemia,C92.1,Imatinib; Imatinib,L01EA01; L01EA01,BCR-ABL inhibitors; BCR-ABL inhibitors,L01EA; L01EA,Oncology
C199,Pedoman PNPK: Breast Cancer HER2-positive,guideline,who,ID,2020,2774,Breast Cancer HER2-positive,C50,Methylphenidate; Methylphenidate,N06BA04; N06BA04,CNS stimulants; CNS stimulants,N06BA; N06BA,Oncology
C200,Chronic Lymphocytic Leukaemia and obesity: Management Challenges,article,journal,EN,2021,2125,Chronic Lymphocytic Leukaemia,C91.1,Ibrutinib; Ibrutinib,L01EL01; L01EL01,BTK inhibitors; BTK inhibitors,L01EL; L01EL,Oncology
C201,Kasus Sulit: Colorectal Cancer Refrakter terhadap Pembrolizumab,case_report,case_report,ID,2021,1142,Colorectal Cancer,C18,Pembrolizumab,L01FF02,PD-1 inhibitors,L01FF,Oncology
C202,Drug Interactions: Nivolumab in Non-Small Cell Lung Cancer Patients,clinical_summary,clinical_practice,EN,2020,342,Non-Small Cell Lung Cancer,C34,Nivolumab,L01FF01,PD-1 inhibitors,L01FF,Oncology
C203,Monitoring Parameters for CNS stimulants in Breast Cancer HER2-positive,clinical_summary,clinical_practice,MIXED,2023,380,Breast Cancer HER2-positive,C50,Methylphenidate,N06BA04,CNS stimulants,N06BA,Oncology
C204,Profil Keamanan Ibrutinib pada Chronic Lymphocytic Leukaemia,article,journal,ID,2020,2327,Chronic Lymphocytic Leukaemia,C91.1,Ibrutinib; Ibrutinib,L01EL01; L01EL01,BTK inhibitors; BTK inhibitors,L01EL; L01EL,Oncology
C205,Meta-analysis: Ibrutinib versus Standard of Care in Chronic Lymphocytic Leukaemia,review,systematic_review,MIXED,2023,3016,Chronic Lymphocytic Leukaemia,C91.1,Ibrutinib; Ibrutinib,L01EL01; L01EL01,BTK inhibitors; BTK inhibitors,L01EL; L01EL,Oncology
C206,Chronic Myeloid Leukaemia pada Populasi Khusus: Pendekatan Praktis,clinical_summary,clinical_practice,ID,2020,304,Chronic Myeloid Leukaemia,C92.1,Imatinib; Imatinib,L01EA01; L01EA01,BCR-ABL inhibitors; BCR-ABL inhibitors,L01EA; L01EA,Oncology
C207,Biomarkers in Colorectal Cancer: Implications for PD-1 inhibitors Therapy,article,research_paper,EN,2025,972,Colorectal Cancer,C18,Nivolumab,L01FF01,PD-1 inhibitors,L01FF,Oncology
C208,Laporan Kasus: Systemic Lupus Erythematosus dengan Presentasi Atipikal,case_report,case_report,ID,2024,1163,Systemic Lupus Erythematosus,M32,Adalimumab,L04AB04,TNF inhibitors,L04AB,Rheumatology
C209,Long-term Outcomes of Proteasome inhibitors Therapy in Rheumatoid Arthritis,article,research_paper,EN,2020,808,Rheumatoid Arthritis,M05,Bortezomib,L01XG01,Proteasome inhibitors,L01XG,Rheumatology
C210,Treatment Intensification in Systemic Lupus Erythematosus: When and How,article,research_paper,EN,2022,1073,Systemic Lupus Erythematosus,M32,Adalimumab,L04AB04,TNF inhibitors,L04AB,Rheumatology
C211,Case Report: Atypical Presentation of Systemic Lupus Erythematosus,case_report,case_report,EN,2021,1048,Systemic Lupus Erythematosus,M32,Adalimumab,L04AB04,TNF inhibitors,L04AB,Rheumatology
C212,Profil Keamanan Alendronate pada Osteoporosis,article,journal,ID,2022,1976,Osteoporosis,M81,Alendronate,M05BA04,Bisphosphonates,M05BA,Rheumatology
C213,Hasil Jangka Panjang Terapi IL-17 inhibitors pada Gout,article,research_paper,ID,2024,1908,Gout,M10,Secukinumab,L04AC10,IL-17 inhibitors,L04AC,Rheumatology
C214,Adalimumab versus Adalimumab in Gout: Head-to-Head Comparison,article,journal,EN,2024,1181,Gout,M10,Adalimumab,L04AB04,TNF inhibitors,L04AB,Rheumatology
C215,Narrative Review: Current Evidence for NSAIDs in Systemic Lupus Erythematosus,review,meta_analysis,EN,2025,3280,Systemic Lupus Erythematosus,M32,Ibuprofen; Ibuprofen,M01AE01; M01AE01,NSAIDs; NSAIDs,M01AE; M01AE,Rheumatology
C216,Switching Therapy in Osteoporosis: A Step-by-Step Guide,clinical_summary,clinical_practice,EN,2025,418,Osteoporosis,M81,Alendronate; Alendronate,M05BA04; M05BA04,Bisphosphonates; Bisphosphonates,M05BA; M05BA,Rheumatology
C217,"Adalimumab: Pharmacology, Dosing, and Clinical Use in Gout",drug_profile,drug_database,EN,2024,595,Gout,M10,Adalimumab; Adalimumab,L04AB04; L04AB04,TNF inhibitors; TNF inhibitors,L04AB; L04AB,Rheumatology
C218,Profil Keamanan Colchicine pada Psoriatic Arthritis,article,research_paper,ID,2021,2069,Psoriatic Arthritis,M07,Colchicine,M04AC01,Gout preparations,M04AC,Rheumatology
C219,Konsensus Nasional: Osteoporosis di Indonesia 2022,guideline,who,ID,2022,2299,Osteoporosis,M81,Alendronate,M05BA04,Bisphosphonates,M05BA,Rheumatology
C220,Hasil Jangka Panjang Terapi Proteasome inhibitors pada Rheumatoid Arthritis,article,research_paper,ID,2025,2243,Rheumatoid Arthritis,M05,Bortezomib; Prednisolone,L01XG01; H02AB06,Proteasome inhibitors; Corticosteroids,L01XG; H02AB,Rheumatology
C221,Meta-analisis: Alendronate pada Osteoporosis,review,meta_analysis,ID,2023,3144,Osteoporosis,M81,Alendronate; Alendronate,M05BA04; M05BA04,Bisphosphonates; Bisphosphonates,M05BA; M05BA,Rheumatology
C222,Challenging Case: Psoriatic Arthritis with Concurrent renal impairment,case_report,case_report,EN,2024,1068,Psoriatic Arthritis,M07,Allopurinol,M04AA01,Xanthine oxidase inhibitors,M04AA,Rheumatology
C223,Kasus Sulit: Osteoporosis Refrakter terhadap Alendronate,case_report,case_report,ID,2021,593,Osteoporosis,M81,Alendronate,M05BA04,Bisphosphonates,M05BA,Rheumatology
C224,Risk Stratification in Rheumatoid Arthritis: Current Approaches,article,research_paper,EN,2025,1425,Rheumatoid Arthritis,M05,Hydroxychloroquine,P01BA02,Antimalarials,P01BA,Rheumatology
C225,Treatment Intensification in Gout: When and How,article,research_paper,MIXED,2021,1250,Gout,M10,Secukinumab,L04AC10,IL-17 inhibitors,L04AC,Rheumatology
C226,Safety Profile of Ibuprofen in Psoriatic Arthritis,article,research_paper,EN,2025,1214,Psoriatic Arthritis,M07,Ibuprofen,M01AE01,NSAIDs,M01AE,Rheumatology
C227,Consensus Statement: NSAIDs Use in Psoriatic Arthritis,guideline,who,EN,2021,2946,Psoriatic Arthritis,M07,Ibuprofen,M01AE01,NSAIDs,M01AE,Rheumatology
C228,Methotrexate Drug Profile: Efficacy in Systemic Lupus Erythematosus,drug_profile,drug_database,EN,2020,635,Systemic Lupus Erythematosus,M32,Methotrexate; Methotrexate,L04AX03; L04AX03,Antimetabolites; Antimetabolites,L04AX; L04AX,Rheumatology
C229,Monitoring Parameters for Bisphosphonates in Osteoporosis,clinical_summary,hospital_protocol,EN,2024,746,Osteoporosis,M81,Alendronate; Alendronate,M05BA04; M05BA04,Bisphosphonates; Bisphosphonates,M05BA; M05BA,Rheumatology
C230,Case Series: IL-17 inhibitors in Refractory Gout,case_report,case_report,EN,2023,1131,Gout,M10,Secukinumab,L04AC10,IL-17 inhibitors,L04AC,Rheumatology
C231,Dose Adjustment of Apixaban in Renal and Hepatic Impairment,clinical_summary,clinical_practice,EN,2021,697,Deep Vein Thrombosis,I82,Apixaban,B01AF02,Factor Xa inhibitors,B01AF,Haematology
C232,Consensus Statement: Iron preparations Use in Iron Deficiency Anaemia,guideline,who,EN,2022,2005,Iron Deficiency Anaemia,D50,Ferrous sulphate; Ferrous sulphate,B03AA07; B03AA07,Iron preparations; Iron preparations,B03AA; B03AA,Haematology
C233,WHO Guideline Update: Iron Deficiency Anaemia 2023,guideline,professional_society,EN,2023,2153,Iron Deficiency Anaemia,D50,Erythropoietin,B03XA01,Erythropoiesis stimulating agents,B03XA,Haematology
C234,New Insights into Deep Vein Thrombosis Pathophysiology and Treatment,article,research_paper,EN,2024,1637,Deep Vein Thrombosis,I82,Warfarin,B01AA03,Vitamin K antagonists,B01AA,Haematology
C235,"Vitamin K antagonists: Mechanism, Indications, and Safety",drug_profile,pharmacology_reference,EN,2021,517,Deep Vein Thrombosis,I82,Warfarin,B01AA03,Vitamin K antagonists,B01AA,Haematology
C236,Dose Adjustment of Rivaroxaban in Renal and Hepatic Impairment,clinical_summary,clinical_practice,EN,2025,661,Deep Vein Thrombosis,I82,Rivaroxaban; Rivaroxaban,B01AF01; B01AF01,Factor Xa inhibitors; Factor Xa inhibitors,B01AF; B01AF,Haematology
C237,Ferrous sulphate: Farmakologi dan Penggunaan Klinis pada Iron Deficiency Anaemia,drug_profile,drug_database,ID,2021,568,Iron Deficiency Anaemia,D50,Ferrous sulphate,B03AA07,Iron preparations,B03AA,Haematology
C238,Rare Adverse Event of Warfarin in Deep Vein Thrombosis,case_report,case_report,EN,2022,524,Deep Vein Thrombosis,I82,Warfarin; Rivaroxaban,B01AA03; B01AF01,Vitamin K antagonists; Factor Xa inhibitors,B01AA; B01AF,Haematology
C239,Asia-Pacific Guideline: Deep Vein Thrombosis in Primary Care 2024,guideline,who,EN,2024,2290,Deep Vein Thrombosis,I82,Warfarin,B01AA03,Vitamin K antagonists,B01AA,Haematology
C240,Quick Reference: Iron preparations Dosing in Iron Deficiency Anaemia,clinical_summary,hospital_protocol,EN,2025,388,Iron Deficiency Anaemia,D50,Ferrous sulphate; Erythropoietin,B03AA07; B03XA01,Iron preparations; Erythropoiesis stimulating agents,B03AA; B03XA,Haematology
C241,Consensus Statement: Vitamin K antagonists Use in Deep Vein Thrombosis,guideline,professional_society,EN,2024,2880,Deep Vein Thrombosis,I82,Warfarin; Rivaroxaban,B01AA03; B01AF01,Vitamin K antagonists; Factor Xa inhibitors,B01AA; B01AF,Haematology
C242,Challenging Case: Deep Vein Thrombosis with Concurrent elderly patients,case_report,case_report,MIXED,2020,1453,Deep Vein Thrombosis,I82,Warfarin,B01AA03,Vitamin K antagonists,B01AA,Haematology
C243,Kasus Sulit: Deep Vein Thrombosis Refrakter terhadap Warfarin,case_report,case_report,ID,2021,1414,Deep Vein Thrombosis,I82,Warfarin,B01AA03,Vitamin K antagonists,B01AA,Haematology
C244,"Iron preparations: Mechanism, Indications, and Safety",drug_profile,drug_database,MIXED,2022,622,Iron Deficiency Anaemia,D50,Ferrous sulphate,B03AA07,Iron preparations,B03AA,Haematology
C245,Monitoring Parameters for Factor Xa inhibitors in Deep Vein Thrombosis,clinical_summary,clinical_practice,EN,2022,307,Deep Vein Thrombosis,I82,Apixaban; Apixaban,B01AF02; B01AF02,Factor Xa inhibitors; Factor Xa inhibitors,B01AF; B01AF,Haematology
C246,Scoping Review: Emerging Therapies in Deep Vein Thrombosis 2024,review,meta_analysis,EN,2024,3820,Deep Vein Thrombosis,I82,Warfarin,B01AA03,Vitamin K antagonists,B01AA,Haematology
C247,Iron Deficiency Anaemia pada Populasi Khusus: Pendekatan Praktis,clinical_summary,hospital_protocol,ID,2024,514,Iron Deficiency Anaemia,D50,Erythropoietin,B03XA01,Erythropoiesis stimulating agents,B03XA,Haematology
C248,Rivaroxaban Real-World Evidence in Deep Vein Thrombosis: A Retrospective Study,article,journal,EN,2020,2443,Deep Vein Thrombosis,I82,Rivaroxaban,B01AF01,Factor Xa inhibitors,B01AF,Haematology
C249,Ringkasan Klinis: Tatalaksana Deep Vein Thrombosis Terkini 2022,clinical_summary,clinical_practice,ID,2022,781,Deep Vein Thrombosis,I82,Rivaroxaban,B01AF01,Factor Xa inhibitors,B01AF,Haematology
C250,Rivaroxaban pada Pasien Deep Vein Thrombosis: Studi Kohort,article,research_paper,ID,2022,2250,Deep Vein Thrombosis,I82,Rivaroxaban; Apixaban,B01AF01; B01AF02,Factor Xa inhibitors; Factor Xa inhibitors,B01AF; B01AF,Haematology
C251,A Case of Deep Vein Thrombosis Resistant to Rivaroxaban,case_report,case_report,EN,2024,794,Deep Vein Thrombosis,I82,Rivaroxaban,B01AF01,Factor Xa inhibitors,B01AF,Haematology
C252,Rare Adverse Event of Erythropoietin in Iron Deficiency Anaemia,case_report,case_report,EN,2020,885,Iron Deficiency Anaemia,D50,Erythropoietin,B03XA01,Erythropoiesis stimulating agents,B03XA,Haematology
C253,Hasil Jangka Panjang Terapi Erythropoiesis stimulating agents pada Iron Deficiency Anaemia,article,research_paper,ID,2025,2246,Iron Deficiency Anaemia,D50,Erythropoietin,B03XA01,Erythropoiesis stimulating agents,B03XA,Haematology
C254,Clinical Practice Guideline: Preeclampsia Management 2022,guideline,who,MIXED,2022,1633,Preeclampsia,O14,Magnesium sulphate; Magnesium sulphate,A12CC02; A12CC02,Magnesium; Magnesium,A12CC; A12CC,Obstetrics
C255,Practical Guide: Initiating Labetalol in Hypertension in Pregnancy,clinical_summary,hospital_protocol,EN,2025,384,Hypertension in Pregnancy,O10,Labetalol,C07AG01,Beta blockers non-selective,C07AG,Obstetrics
C256,New Insights into Preeclampsia Pathophysiology and Treatment,article,journal,EN,2025,1746,Preeclampsia,O14,Magnesium sulphate,A12CC02,Magnesium,A12CC,Obstetrics
C257,Switching Therapy in Hypertension in Pregnancy: A Step-by-Step Guide,clinical_summary,clinical_practice,EN,2021,768,Hypertension in Pregnancy,O10,Labetalol,C07AG01,Beta blockers non-selective,C07AG,Obstetrics
C258,"Centrally acting antihypertensives: Mechanism, Indications, and Safety",drug_profile,drug_database,EN,2023,817,Hypertension in Pregnancy,O10,Methyldopa,C02AB01,Centrally acting antihypertensives,C02AB,Obstetrics
C259,Panduan Klinis: Tatalaksana Preeclampsia 2020,guideline,ministry_of_health,ID,2020,2140,Preeclampsia,O14,Magnesium sulphate; Magnesium sulphate,A12CC02; A12CC02,Magnesium; Magnesium,A12CC; A12CC,Obstetrics
C260,Hypertension in Pregnancy in anaemia: Special Considerations,article,journal,EN,2024,965,Hypertension in Pregnancy,O10,Methyldopa,C02AB01,Centrally acting antihypertensives,C02AB,Obstetrics
C261,Ringkasan Klinis: Tatalaksana Preeclampsia Terkini 2020,clinical_summary,hospital_protocol,ID,2020,607,Preeclampsia,O14,Magnesium sulphate,A12CC02,Magnesium,A12CC,Obstetrics
C262,Preeclampsia in pregnancy: Special Considerations,article,research_paper,EN,2022,2483,Preeclampsia,O14,Magnesium sulphate,A12CC02,Magnesium,A12CC,Obstetrics
C263,Tinjauan Sistematis: Beta blockers non-selective pada Hypertension in Pregnancy,review,systematic_review,ID,2020,1850,Hypertension in Pregnancy,O10,Labetalol; Methyldopa,C07AG01; C02AB01,Beta blockers non-selective; Centrally acting antihypertensives,C07AG; C02AB,Obstetrics
C264,Preeclampsia in Special Populations: Practical Guidance,clinical_summary,clinical_practice,EN,2022,559,Preeclampsia,O14,Magnesium sulphate; Magnesium sulphate,A12CC02; A12CC02,Magnesium; Magnesium,A12CC; A12CC,Obstetrics
C265,"Magnesium: Mechanism, Indications, and Safety",drug_profile,drug_database,EN,2023,926,Preeclampsia,O14,Magnesium sulphate; Magnesium sulphate,A12CC02; A12CC02,Magnesium; Magnesium,A12CC; A12CC,Obstetrics
C266,Profil Obat Centrally acting antihypertensives pada Hypertension in Pregnancy,drug_profile,pharmacology_reference,ID,2024,844,Hypertension in Pregnancy,O10,Methyldopa,C02AB01,Centrally acting antihypertensives,C02AB,Obstetrics
C267,Hypertension in Pregnancy in Pregnancy: Safety and Management Guide,clinical_summary,hospital_protocol,EN,2025,648,Hypertension in Pregnancy,O10,Methyldopa,C02AB01,Centrally acting antihypertensives,C02AB,Obstetrics
C268,Methyldopa Drug Profile: Efficacy in Hypertension in Pregnancy,drug_profile,drug_database,EN,2022,821,Hypertension in Pregnancy,O10,Methyldopa,C02AB01,Centrally acting antihypertensives,C02AB,Obstetrics
C269,Preeclampsia in Pregnancy: Safety and Management Guide,clinical_summary,hospital_protocol,EN,2020,479,Preeclampsia,O14,Magnesium sulphate,A12CC02,Magnesium,A12CC,Obstetrics
C270,Long-term Outcomes of Beta blockers non-selective Therapy in Hypertension in Pregnancy,article,journal,MIXED,2024,1299,Hypertension in Pregnancy,O10,Labetalol,C07AG01,Beta blockers non-selective,C07AG,Obstetrics
C271,Panduan Praktis: Memulai Magnesium sulphate pada Preeclampsia,clinical_summary,clinical_practice,ID,2024,704,Preeclampsia,O14,Magnesium sulphate,A12CC02,Magnesium,A12CC,Obstetrics
C272,National Guideline: Hypertension in Pregnancy Diagnosis and Treatment,guideline,ministry_of_health,EN,2023,2620,Hypertension in Pregnancy,O10,Labetalol,C07AG01,Beta blockers non-selective,C07AG,Obstetrics
C273,Magnesium sulphate: Farmakologi dan Penggunaan Klinis pada Preeclampsia,drug_profile,pharmacology_reference,ID,2025,920,Preeclampsia,O14,Magnesium sulphate,A12CC02,Magnesium,A12CC,Obstetrics
C274,Treatment Intensification in Preeclampsia: When and How,article,journal,EN,2023,2352,Preeclampsia,O14,Magnesium sulphate,A12CC02,Magnesium,A12CC,Obstetrics
C275,Treatment Intensification in Hypertension in Pregnancy: When and How,article,journal,MIXED,2020,1669,Hypertension in Pregnancy,O10,Labetalol,C07AG01,Beta blockers non-selective,C07AG,Obstetrics
C276,Efektivitas Magnesium pada Preeclampsia,article,research_paper,ID,2024,1652,Preeclampsia,O14,Magnesium sulphate,A12CC02,Magnesium,A12CC,Obstetrics
C277,"Diazepam: Pharmacology, Dosing, and Clinical Use in Febrile Seizure",drug_profile,pharmacology_reference,EN,2022,878,Febrile Seizure,R56.0,Diazepam,N05BA01,Benzodiazepines,N05BA,Pediatrics
C278,Diazepam Drug Profile: Efficacy in Febrile Seizure,drug_profile,drug_database,EN,2022,789,Febrile Seizure,R56.0,Diazepam,N05BA01,Benzodiazepines,N05BA,Pediatrics
C279,Rare Adverse Event of Zinc in Stunting / Malnutrition,case_report,case_report,EN,2023,1201,Stunting / Malnutrition,E43,Zinc,A12CB01,Zinc supplements,A12CB,Pediatrics
C280,Biomarkers in Stunting / Malnutrition: Implications for Vitamin A Therapy,article,journal,EN,2025,2152,Stunting / Malnutrition,E43,Vitamin A,A11CA01,Vitamin A,A11CA,Pediatrics
C281,Stunting / Malnutrition in anaemia: Special Considerations,article,journal,EN,2025,2313,Stunting / Malnutrition,E43,Vitamin A; Vitamin A,A11CA01; A11CA01,Vitamin A; Vitamin A,A11CA; A11CA,Pediatrics
C282,New Insights into Febrile Seizure Pathophysiology and Treatment,article,research_paper,MIXED,2020,1374,Febrile Seizure,R56.0,Diazepam,N05BA01,Benzodiazepines,N05BA,Pediatrics
C283,Drug Interactions: Zinc in Stunting / Malnutrition Patients,clinical_summary,clinical_practice,EN,2023,487,Stunting / Malnutrition,E43,Zinc,A12CB01,Zinc supplements,A12CB,Pediatrics
C284,Diazepam: Farmakologi dan Penggunaan Klinis pada Febrile Seizure,drug_profile,pharmacology_reference,ID,2023,456,Febrile Seizure,R56.0,Diazepam,N05BA01,Benzodiazepines,N05BA,Pediatrics
C285,Perbandingan Diazepam dan Diazepam pada Febrile Seizure,article,research_paper,ID,2025,1783,Febrile Seizure,R56.0,Diazepam; Diazepam,N05BA01; N05BA01,Benzodiazepines; Benzodiazepines,N05BA; N05BA,Pediatrics
C286,Systematic Review: Benzodiazepines in Febrile Seizure,review,meta_analysis,EN,2025,1589,Febrile Seizure,R56.0,Diazepam,N05BA01,Benzodiazepines,N05BA,Pediatrics
C287,Challenging Case: Stunting / Malnutrition with Concurrent COPD,case_report,case_report,EN,2024,965,Stunting / Malnutrition,E43,Zinc,A12CB01,Zinc supplements,A12CB,Pediatrics
C288,Zinc in Stunting / Malnutrition: Real-World Outcomes,article,research_paper,MIXED,2025,1722,Stunting / Malnutrition,E43,Zinc,A12CB01,Zinc supplements,A12CB,Pediatrics
C289,Case Report: Atypical Presentation of Stunting / Malnutrition,case_report,case_report,EN,2025,786,Stunting / Malnutrition,E43,Zinc,A12CB01,Zinc supplements,A12CB,Pediatrics
C290,Diazepam Real-World Evidence in Febrile Seizure: A Retrospective Study,article,journal,EN,2022,1804,Febrile Seizure,R56.0,Diazepam; Diazepam,N05BA01; N05BA01,Benzodiazepines; Benzodiazepines,N05BA; N05BA,Pediatrics
C291,Perbandingan Diazepam dan Diazepam pada Febrile Seizure,article,journal,ID,2021,851,Febrile Seizure,R56.0,Diazepam,N05BA01,Benzodiazepines,N05BA,Pediatrics
C292,"Benzodiazepines: Mechanism, Indications, and Safety",drug_profile,pharmacology_reference,EN,2024,422,Febrile Seizure,R56.0,Diazepam,N05BA01,Benzodiazepines,N05BA,Pediatrics
C293,Clinical Summary: Stunting / Malnutrition Management Update 2021,clinical_summary,hospital_protocol,MIXED,2021,711,Stunting / Malnutrition,E43,Zinc,A12CB01,Zinc supplements,A12CB,Pediatrics
C294,Perbandingan Zinc dan Zinc pada Stunting / Malnutrition,article,journal,ID,2023,1412,Stunting / Malnutrition,E43,Zinc; Zinc,A12CB01; A12CB01,Zinc supplements; Zinc supplements,A12CB; A12CB,Pediatrics
C295,Risk Stratification in Stunting / Malnutrition: Current Approaches,article,research_paper,MIXED,2023,1016,Stunting / Malnutrition,E43,Vitamin A; Vitamin A,A11CA01; A11CA01,Vitamin A; Vitamin A,A11CA; A11CA,Pediatrics
C296,Narrative Review: Current Evidence for Zinc supplements in Stunting / Malnutrition,review,meta_analysis,EN,2022,2805,Stunting / Malnutrition,E43,Zinc,A12CB01,Zinc supplements,A12CB,Pediatrics
C297,Panduan Praktis: Memulai Vitamin A pada Stunting / Malnutrition,clinical_summary,clinical_practice,ID,2023,684,Stunting / Malnutrition,E43,Vitamin A; Zinc,A11CA01; A12CB01,Vitamin A; Zinc supplements,A11CA; A12CB,Pediatrics
C298,Clinical Practice Guideline: Stunting / Malnutrition Management 2020,guideline,who,EN,2020,1431,Stunting / Malnutrition,E43,Zinc,A12CB01,Zinc supplements,A12CB,Pediatrics
C299,Diazepam in Febrile Seizure: Real-World Outcomes,article,journal,EN,2022,1858,Febrile Seizure,R56.0,Diazepam; Diazepam,N05BA01; N05BA01,Benzodiazepines; Benzodiazepines,N05BA; N05BA,Pediatrics
C300,Case Series: Calcineurin inhibitors in Refractory Disseminated Intravascular Coagulation,case_report,case_report,EN,2020,585,Disseminated Intravascular Coagulation,D65,Cyclosporine,L04AD01,Calcineurin inhibitors,L04AD,Critical Care
C301,Successful Management of Severe Sepsis with Norepinephrine,case_report,case_report,EN,2020,551,Sepsis,A41,Norepinephrine,C01CA03,Adrenergic agonists,C01CA,Critical Care
C302,Kasus Sulit: Disseminated Intravascular Coagulation Refrakter terhadap Secukinumab,case_report,case_report,ID,2023,1031,Disseminated Intravascular Coagulation,D65,Secukinumab,L04AC10,IL-17 inhibitors,L04AC,Critical Care
C303,Sepsis in Special Populations: Practical Guidance,clinical_summary,hospital_protocol,EN,2023,570,Sepsis,A41,Meropenem,J01DH02,Carbapenems,J01DH,Critical Care
C304,Ringkasan Klinis: Tatalaksana Sepsis Terkini 2024,clinical_summary,hospital_protocol,ID,2024,618,Sepsis,A41,Norepinephrine,C01CA03,Adrenergic agonists,C01CA,Critical Care
C305,Hydrocortisone: Farmakologi dan Penggunaan Klinis pada Sepsis,drug_profile,pharmacology_reference,ID,2020,835,Sepsis,A41,Hydrocortisone; Norepinephrine,H02AB09; C01CA03,Corticosteroids; Adrenergic agonists,H02AB; C01CA,Critical Care
C306,Sepsis in liver disease: Special Considerations,article,journal,EN,2023,2458,Sepsis,A41,Meropenem,J01DH02,Carbapenems,J01DH,Critical Care
C307,Case Series: IL-17 inhibitors in Refractory Disseminated Intravascular Coagulation,case_report,case_report,EN,2021,1016,Disseminated Intravascular Coagulation,D65,Secukinumab,L04AC10,IL-17 inhibitors,L04AC,Critical Care
C308,WHO Guideline Update: Disseminated Intravascular Coagulation 2025,guideline,professional_society,MIXED,2025,1645,Disseminated Intravascular Coagulation,D65,Dupilumab,D11AH05,IL-4/IL-13 inhibitors,D11AH,Critical Care
C309,Profil Keamanan Meropenem pada Sepsis,article,research_paper,ID,2023,2151,Sepsis,A41,Meropenem,J01DH02,Carbapenems,J01DH,Critical Care
C310,Quick Reference: IL-4/IL-13 inhibitors Dosing in Disseminated Intravascular Coagulation,clinical_summary,hospital_protocol,MIXED,2020,435,Disseminated Intravascular Coagulation,D65,Dupilumab; Dupilumab,D11AH05; D11AH05,IL-4/IL-13 inhibitors; IL-4/IL-13 inhibitors,D11AH; D11AH,Critical Care
C311,Secukinumab pada Pasien Disseminated Intravascular Coagulation: Studi Kohort,article,research_paper,ID,2025,1546,Disseminated Intravascular Coagulation,D65,Secukinumab,L04AC10,IL-17 inhibitors,L04AC,Critical Care
C312,A Case of Disseminated Intravascular Coagulation Resistant to Cyclosporine,case_report,case_report,EN,2023,578,Disseminated Intravascular Coagulation,D65,Cyclosporine,L04AD01,Calcineurin inhibitors,L04AD,Critical Care
C313,Case Report: Atypical Presentation of Sepsis,case_report,case_report,EN,2024,525,Sepsis,A41,Hydrocortisone,H02AB09,Corticosteroids,H02AB,Critical Care
C314,Dose Adjustment of Vancomycin in Renal and Hepatic Impairment,clinical_summary,hospital_protocol,EN,2020,781,Sepsis,A41,Vancomycin,J01XA01,Glycopeptides,J01XA,Critical Care
C315,Perbandingan Hydrocortisone dan Piperacillin-tazobactam pada Sepsis,article,journal,ID,2025,2221,Sepsis,A41,Hydrocortisone,H02AB09,Corticosteroids,H02AB,Critical Care
C316,Efficacy of IL-17 inhibitors in Disseminated Intravascular Coagulation: A Cohort Study,article,research_paper,EN,2020,1983,Disseminated Intravascular Coagulation,D65,Secukinumab,L04AC10,IL-17 inhibitors,L04AC,Critical Care
C317,Secukinumab pada Pasien Disseminated Intravascular Coagulation: Studi Kohort,article,journal,ID,2020,1495,Disseminated Intravascular Coagulation,D65,Secukinumab; Cyclosporine,L04AC10; L04AD01,IL-17 inhibitors; Calcineurin inhibitors,L04AC; L04AD,Critical Care
C318,Switching Therapy in Sepsis: A Step-by-Step Guide,clinical_summary,clinical_practice,EN,2025,386,Sepsis,A41,Norepinephrine,C01CA03,Adrenergic agonists,C01CA,Critical Care
C319,Safety Profile of Meropenem in Sepsis,article,research_paper,MIXED,2020,1065,Sepsis,A41,Meropenem; Hydrocortisone,J01DH02; H02AB09,Carbapenems; Corticosteroids,J01DH; H02AB,Critical Care
C320,Safety Profile of Dupilumab in Disseminated Intravascular Coagulation,article,research_paper,EN,2024,1225,Disseminated Intravascular Coagulation,D65,Dupilumab; Cyclosporine,D11AH05; L04AD01,IL-4/IL-13 inhibitors; Calcineurin inhibitors,D11AH; L04AD,Critical Care
C321,Kasus Sulit: Sepsis Refrakter terhadap Norepinephrine,case_report,case_report,ID,2020,1049,Sepsis,A41,Norepinephrine; Meropenem,C01CA03; J01DH02,Adrenergic agonists; Carbapenems,C01CA; J01DH,Critical Care
C322,Disseminated Intravascular Coagulation and elderly patients: Management Challenges,article,research_paper,EN,2025,2014,Disseminated Intravascular Coagulation,D65,Dupilumab; Cyclosporine,D11AH05; L04AD01,IL-4/IL-13 inhibitors; Calcineurin inhibitors,D11AH; L04AD,Critical Care
C323,Switching Therapy in Psoriasis: A Step-by-Step Guide,clinical_summary,hospital_protocol,EN,2025,630,Psoriasis,L40,Tacrolimus topical; Tacrolimus topical,D11AH01; D11AH01,Topical calcineurin inhibitors; Topical calcineurin inhibitors,D11AH; D11AH,Dermatology
C324,Successful Management of Severe Psoriasis with Tacrolimus topical,case_report,case_report,MIXED,2020,779,Psoriasis,L40,Tacrolimus topical; Dupilumab,D11AH01; D11AH05,Topical calcineurin inhibitors; IL-4/IL-13 inhibitors,D11AH; D11AH,Dermatology
C325,A Case of Psoriasis Resistant to Cyclosporine,case_report,case_report,EN,2021,1454,Psoriasis,L40,Cyclosporine; Dupilumab,L04AD01; D11AH05,Calcineurin inhibitors; IL-4/IL-13 inhibitors,L04AD; D11AH,Dermatology
C326,Treatment Intensification in Psoriasis: When and How,article,research_paper,EN,2022,2054,Psoriasis,L40,Tacrolimus topical; Dupilumab,D11AH01; D11AH05,Topical calcineurin inhibitors; IL-4/IL-13 inhibitors,D11AH; D11AH,Dermatology
C327,Biomarkers in Psoriasis: Implications for IL-4/IL-13 inhibitors Therapy,article,research_paper,EN,2021,1742,Psoriasis,L40,Dupilumab; Tacrolimus topical,D11AH05; D11AH01,IL-4/IL-13 inhibitors; Topical calcineurin inhibitors,D11AH; D11AH,Dermatology
C328,Monitoring Parameters for IL-4/IL-13 inhibitors in Psoriasis,clinical_summary,hospital_protocol,EN,2024,605,Psoriasis,L40,Dupilumab,D11AH05,IL-4/IL-13 inhibitors,D11AH,Dermatology
C329,"Cyclosporine: Pharmacology, Dosing, and Clinical Use in Psoriasis",drug_profile,drug_database,EN,2023,651,Psoriasis,L40,Cyclosporine; Dupilumab,L04AD01; D11AH05,Calcineurin inhibitors; IL-4/IL-13 inhibitors,L04AD; D11AH,Dermatology
C330,New Insights into Psoriasis Pathophysiology and Treatment,article,journal,EN,2023,1221,Psoriasis,L40,Cyclosporine; Dupilumab,L04AD01; D11AH05,Calcineurin inhibitors; IL-4/IL-13 inhibitors,L04AD; D11AH,Dermatology
C331,Profil Keamanan Tacrolimus topical pada Psoriasis,article,journal,ID,2022,1405,Psoriasis,L40,Tacrolimus topical,D11AH01,Topical calcineurin inhibitors,D11AH,Dermatology
C332,Psoriasis in elderly patients: Special Considerations,article,journal,EN,2022,2088,Psoriasis,L40,Dupilumab,D11AH05,IL-4/IL-13 inhibitors,D11AH,Dermatology
C333,WHO Guideline Update: Psoriasis 2023,guideline,professional_society,EN,2023,1028,Psoriasis,L40,Tacrolimus topical,D11AH01,Topical calcineurin inhibitors,D11AH,Dermatology
C334,Panduan Praktis: Memulai Tacrolimus topical pada Psoriasis,clinical_summary,clinical_practice,ID,2021,358,Psoriasis,L40,Tacrolimus topical,D11AH01,Topical calcineurin inhibitors,D11AH,Dermatology
C335,WHO Guideline Update: Psoriasis 2025,guideline,who,EN,2025,1092,Psoriasis,L40,Cyclosporine; Dupilumab,L04AD01; D11AH05,Calcineurin inhibitors; IL-4/IL-13 inhibitors,L04AD; D11AH,Dermatology
C336,A Case of Psoriasis Resistant to Cyclosporine,case_report,case_report,EN,2020,540,Psoriasis,L40,Cyclosporine; Cyclosporine,L04AD01; L04AD01,Calcineurin inhibitors; Calcineurin inhibitors,L04AD; L04AD,Dermatology
C337,New Insights into Psoriasis Pathophysiology and Treatment,article,journal,EN,2022,2254,Psoriasis,L40,Tacrolimus topical; Dupilumab,D11AH01; D11AH05,Topical calcineurin inhibitors; IL-4/IL-13 inhibitors,D11AH; D11AH,Dermatology
C338,Laporan Kasus: Psoriasis dengan anaemia,case_report,case_report,ID,2022,1203,Psoriasis,L40,Tacrolimus topical; Cyclosporine,D11AH01; L04AD01,Topical calcineurin inhibitors; Calcineurin inhibitors,D11AH; L04AD,Dermatology
C339,Quick Reference: Calcineurin inhibitors Dosing in Psoriasis,clinical_summary,clinical_practice,EN,2022,537,Psoriasis,L40,Cyclosporine,L04AD01,Calcineurin inhibitors,L04AD,Dermatology
C340,Switching Therapy in Psoriasis: A Step-by-Step Guide,clinical_summary,clinical_practice,EN,2020,348,Psoriasis,L40,Tacrolimus topical,D11AH01,Topical calcineurin inhibitors,D11AH,Dermatology
C341,Consensus Statement: Topical calcineurin inhibitors Use in Psoriasis,guideline,who,EN,2025,1983,Psoriasis,L40,Tacrolimus topical,D11AH01,Topical calcineurin inhibitors,D11AH,Dermatology
C342,Tacrolimus topical: Farmakologi dan Penggunaan Klinis pada Psoriasis,drug_profile,drug_database,ID,2024,684,Psoriasis,L40,Tacrolimus topical,D11AH01,Topical calcineurin inhibitors,D11AH,Dermatology
C343,Dose Adjustment of Dupilumab in Renal and Hepatic Impairment,clinical_summary,hospital_protocol,EN,2024,386,Psoriasis,L40,Dupilumab,D11AH05,IL-4/IL-13 inhibitors,D11AH,Dermatology
C344,Safety Profile of Dupilumab in Psoriasis,article,journal,EN,2021,1537,Psoriasis,L40,Dupilumab; Cyclosporine,D11AH05; L04AD01,IL-4/IL-13 inhibitors; Calcineurin inhibitors,D11AH; L04AD,Dermatology
C345,Dosis Topical calcineurin inhibitors pada Psoriasis: Referensi Cepat,clinical_summary,clinical_practice,ID,2021,499,Psoriasis,L40,Tacrolimus topical,D11AH01,Topical calcineurin inhibitors,D11AH,Dermatology
